,Company,TypeName,Cpu,Ram,Gpu,OpSys,Weight,Price,Touchscreen,IPS,ppi
0,Apple,Ultrabook,Intel Core i5,8,Intel Iris,Mac OS,1.37,120117,0,1,227.0
1,Apple,Ultrabook,Intel Core i5,8,Intel HD,Mac OS,1.34,80599,0,0,128.0
2,HP,Notebook,Intel Core i5,8,Intel HD,No OS,1.86,51554,0,0,141.0
3,Apple,Ultrabook,Intel Core i7,16,AMD Radeon,Mac OS,1.83,227508,0,1,221.0
4,Apple,Ultrabook,Intel Core i5,8,Intel Iris,Mac OS,1.37,161711,0,1,227.0
5,Acer,Notebook,AMD A Series Processor,4,AMD Radeon,Windows 10,2.1,35864,0,0,100.0
6,Apple,Ultrabook,Intel Core i7,16,Intel Iris,Mac OS,2.04,191870,0,1,221.0
7,Apple,Ultrabook,Intel Core i5,8,Intel HD,Mac OS,1.34,103889,0,0,128.0
8,Asus,Ultrabook,Intel Core i7,16,Nvidia GeForce,Windows 10,1.3,134042,0,0,157.0
9,Acer,Ultrabook,Intel Core i5,8,Intel UHD,Windows 10,1.6,69038,0,1,157.0
10,HP,Notebook,Intel Core i5,4,Intel HD,No OS,1.86,35317,0,0,100.0
11,HP,Notebook,Intel Core i3,4,Intel HD,No OS,1.86,30932,0,0,141.0
12,Apple,Ultrabook,Intel Core i7,16,AMD Radeon,Mac OS,1.83,218768,0,1,221.0
13,Dell,Notebook,Intel Core i3,4,AMD Radeon,Windows 10,2.2,44731,0,0,141.0
14,Apple,Ultrabook,Other Intel Processor,8,Intel HD,Mac OS,0.92,113187,0,1,226.0
15,Apple,Ultrabook,Intel Core i5,8,Intel Iris,Mac OS,1.37,136153,0,1,227.0
16,Dell,Notebook,Intel Core i7,8,AMD Radeon,Windows 10,2.2,66797,0,0,141.0
17,Apple,Ultrabook,Intel Core i7,16,AMD Radeon,Mac OS,1.83,256248,0,1,221.0
18,Lenovo,Notebook,Intel Core i3,8,Nvidia GeForce,No OS,2.2,44740,0,0,141.0
19,Dell,Ultrabook,Intel Core i5,8,Intel UHD,Windows 10,1.22,87777,1,1,166.0
20,Asus,Netbook,Other Intel Processor,2,Intel HD,Windows 10,0.98,17206,0,0,135.0
21,Lenovo,Gaming,Intel Core i5,8,Nvidia GeForce,Windows 10,2.5,89570,0,1,141.0
22,HP,Notebook,AMD E Series Processor,4,AMD Radeon,No OS,1.86,23132,0,0,100.0
23,Dell,2 in 1 Convertible,Intel Core i5,8,Intel UHD,Windows 10,1.62,73432,1,0,166.0
24,HP,Ultrabook,Intel Core i7,8,Intel HD,Windows 10,1.91,59086,0,0,141.0
25,Dell,Notebook,Intel Core i3,4,Intel HD,Windows 10,2.3,37535,0,0,100.0
26,Apple,Ultrabook,Intel Core i5,8,Intel HD,Mac OS,1.35,98536,0,0,128.0
27,Dell,Notebook,Intel Core i5,8,AMD Radeon,Windows 10,2.2,71728,0,0,141.0
28,Dell,Ultrabook,Intel Core i7,8,Intel UHD,Windows 10,1.88,116379,0,0,141.0
29,HP,Notebook,Intel Core i5,8,Nvidia GeForce,Windows 10,2.5,80335,0,0,127.0
30,Asus,Notebook,AMD E Series Processor,2,AMD Radeon,Windows 10,1.65,17842,0,0,112.0
31,HP,Notebook,AMD A Series Processor,4,AMD Radeon,Windows 10,2.71,39361,0,0,127.0
32,Dell,Ultrabook,Intel Core i7,16,Intel UHD,Windows 10,1.2,167575,1,0,276.0
33,Apple,Ultrabook,Intel Core i5,8,Intel HD,Mac OS,1.35,89481,0,0,128.0
34,Lenovo,Notebook,Other Intel Processor,4,Intel HD,Windows 10,1.44,22325,0,0,112.0
35,Acer,Notebook,Intel Core i3,4,Intel HD,Chrome/Linux/Android,2.1,32905,0,0,100.0
36,Dell,Notebook,Intel Core i5,8,AMD Radeon,Windows 10,2.8,87777,0,1,127.0
37,HP,Notebook,Intel Core i5,4,Intel HD,Windows 10,1.86,43816,0,0,100.0
38,HP,Notebook,Intel Core i5,8,Nvidia GeForce,Windows 10,2.1,78811,0,0,141.0
39,Asus,Notebook,Intel Core i3,4,Intel HD,Chrome/Linux/Android,2.0,34878,0,0,141.0
40,Dell,Gaming,Intel Core i7,16,Nvidia GeForce,Windows 10,2.65,134400,0,1,141.0
41,Asus,Notebook,Intel Core i5,8,Nvidia GeForce,Chrome/Linux/Android,2.3,46891,0,0,100.0
42,Acer,Notebook,Intel Core i5,4,Intel UHD,Windows 10,2.2,61148,0,1,141.0
43,Dell,2 in 1 Convertible,Intel Core i5,12,Nvidia GeForce,Windows 10,2.77,89570,1,0,127.0
44,Apple,Ultrabook,Intel Core i5,8,Intel Iris,Mac OS,1.37,127228,0,1,227.0
45,Lenovo,Notebook,Intel Core i3,4,Intel HD,No OS,2.2,33085,0,0,100.0
46,Asus,Gaming,AMD Ryzen Series,8,AMD Radeon,Windows 10,3.2,116468,0,0,127.0
47,Dell,Notebook,Intel Core i5,4,AMD Radeon,Windows 10,2.3,57293,0,0,141.0
48,Asus,Notebook,Other Intel Processor,4,Nvidia GeForce,Windows 10,2.8,41782,0,0,91.0
49,Lenovo,2 in 1 Convertible,Other Intel Processor,4,Intel HD,Chrome/Linux/Android,0.69,28602,1,1,224.0
50,Acer,Notebook,Intel Core i7,8,Nvidia GeForce,Windows 10,2.2,75404,0,1,141.0
51,HP,Notebook,AMD A Series Processor,4,AMD Radeon,Windows 10,1.86,35729,0,0,141.0
52,HP,Notebook,Intel Core i7,8,Intel UHD,Windows 10,1.49,98895,0,0,166.0
53,Acer,Notebook,Intel Core i3,4,Intel HD,Windows 10,2.4,34429,0,0,100.0
54,Dell,Notebook,Intel Core i7,8,AMD Radeon,Windows 10,2.13,68841,0,0,141.0
55,HP,Notebook,Intel Core i3,4,Intel HD,Windows 10,1.91,39361,0,0,141.0
56,Asus,Notebook,Intel Core i5,4,Intel HD,Windows 10,2.0,52558,0,0,100.0
57,MSI,Gaming,Intel Core i7,16,Nvidia GeForce,Windows 10,2.43,219577,0,0,127.0
58,Asus,Notebook,Intel Core i3,4,Intel HD,Chrome/Linux/Android,2.0,37209,0,0,141.0
59,Dell,Notebook,Intel Core i7,16,AMD Radeon,Windows 10,2.8,116468,0,0,127.0
60,Dell,Ultrabook,Intel Core i5,8,Intel UHD,Windows 10,1.7,78811,0,0,157.0
61,Lenovo,Notebook,Intel Core i3,8,Intel HD,No OS,1.7,53706,0,1,157.0
62,Asus,Notebook,Intel Core i5,8,Intel UHD,Windows 10,1.4,84370,0,0,157.0
63,HP,Notebook,Intel Core i5,8,Intel HD,Windows 10,1.86,61865,0,0,141.0
64,Asus,Ultrabook,Intel Core i7,16,Nvidia GeForce,Windows 10,1.8,177796,0,0,141.0
65,HP,Notebook,Intel Core i3,4,AMD Radeon,Windows 10,1.86,39333,0,0,100.0
66,HP,Notebook,Other Intel Processor,4,Intel HD,Windows 10,1.44,20532,0,0,112.0
67,Lenovo,Notebook,Intel Core i5,4,Intel HD,Windows 10,1.9,49223,0,0,141.0
68,Asus,Gaming,Intel Core i7,12,Nvidia GeForce,Chrome/Linux/Android,3.0,85087,0,0,127.0
69,Dell,Ultrabook,Intel Core i7,8,AMD Radeon,Windows 10,1.4,85625,0,1,166.0
70,Dell,Notebook,Intel Core i7,8,AMD Radeon,Windows 10,2.2,78004,0,0,141.0
71,MSI,Gaming,Intel Core i5,8,Nvidia GeForce,Windows 10,2.7,98178,0,0,127.0
72,Acer,Notebook,Intel Core i3,8,Intel HD,Windows 10,2.1,34878,0,0,112.0
73,Asus,Gaming,Intel Core i7,8,Nvidia GeForce,Windows 10,2.2,85087,0,0,141.0
74,Lenovo,Notebook,Intel Core i5,8,Intel HD,No OS,2.2,46534,0,0,141.0
75,Dell,Notebook,Intel Core i7,8,Intel UHD,Windows 10,2.02,76659,0,0,141.0
76,Acer,Notebook,Intel Core i3,4,Nvidia GeForce,Windows 10,2.2,47520,0,0,141.0
77,HP,Notebook,Intel Core i5,8,Nvidia GeForce,Windows 10,2.5,87598,0,0,127.0
78,Dell,Ultrabook,Intel Core i5,8,Intel UHD,Windows 10,1.88,98282,0,1,141.0
79,Apple,Ultrabook,Intel Core i5,8,Intel HD,Mac OS,0.92,135387,0,1,226.0
80,HP,Notebook,Intel Core i5,8,Intel HD,Windows 10,1.63,77108,0,0,157.0
81,Lenovo,Notebook,AMD A Series Processor,4,AMD R4,Windows 10,2.2,35774,0,0,141.0
82,Acer,Notebook,AMD A Series Processor,4,AMD Radeon,Windows 10,2.1,35416,0,0,100.0
83,Dell,Gaming,Intel Core i7,16,Nvidia GeForce,Windows 10,2.65,120951,0,1,141.0
84,HP,Ultrabook,Intel Core i7,8,Nvidia GeForce,Windows 10,1.83,62672,0,1,141.0
85,HP,Notebook,Intel Core i5,8,Intel HD,Windows 10,1.96,53705,0,0,141.0
86,Asus,Gaming,Intel Core i7,16,Nvidia GeForce,Windows 10,2.2,129917,0,1,141.0
87,Dell,Ultrabook,Intel Core i7,8,Intel UHD,Windows 10,1.21,147849,0,1,166.0
88,Asus,Gaming,AMD F Series Processor,8,AMD Radeon,Windows 10,2.45,62672,0,0,141.0
89,Acer,Notebook,Intel Core i7,8,Nvidia GeForce,Windows 10,2.2,61776,0,0,141.0
90,HP,Notebook,Intel Core i7,16,Intel UHD,Windows 10,1.49,107323,0,0,166.0
91,Dell,Gaming,Intel Core i5,8,Nvidia GeForce,Windows 10,2.65,107144,0,0,141.0
92,Asus,Ultrabook,Intel Core i7,8,Intel HD,Windows 10,1.25,94053,0,0,157.0
93,Acer,2 in 1 Convertible,Intel Core i5,8,Intel UHD,Windows 10,1.5,75942,1,1,166.0
94,Dell,Notebook,Intel Core i7,8,AMD Radeon,Chrome/Linux/Android,2.2,53787,0,0,141.0
95,Dell,Notebook,Intel Core i3,4,AMD Radeon,Chrome/Linux/Android,2.2,43485,0,0,141.0
96,Asus,Notebook,Intel Core i3,6,Nvidia GeForce,Windows 10,2.0,51734,0,0,141.0
97,HP,Gaming,Intel Core i7,12,Nvidia GeForce,Windows 10,2.62,111985,0,1,141.0
98,HP,Notebook,Intel Core i7,8,AMD Radeon,Windows 10,1.91,64466,0,0,141.0
99,HP,Notebook,AMD E Series Processor,4,AMD Radeon,Windows 10,2.1,31291,0,0,141.0
100,Dell,Notebook,Intel Core i5,8,AMD Radeon,Chrome/Linux/Android,2.2,58010,0,0,141.0
101,HP,Ultrabook,Intel Core i7,8,Nvidia GeForce,Windows 10,1.38,100330,0,1,166.0
102,HP,Notebook,Intel Core i5,6,Nvidia GeForce,Windows 10,1.58,59086,0,1,157.0
103,Lenovo,Notebook,Intel Core i3,4,Intel HD,Windows 10,1.85,37200,0,0,141.0
104,Asus,Ultrabook,Intel Core i7,8,Nvidia GeForce,Windows 10,1.3,106964,0,1,157.0
105,MSI,Gaming,Intel Core i7,16,Nvidia GeForce,Windows 10,2.2,116468,0,0,141.0
106,Lenovo,Notebook,Intel Core i7,8,Intel HD,Windows 10,1.58,132697,0,1,157.0
107,Asus,Ultrabook,Intel Core i7,16,Nvidia GeForce,Windows 10,1.5,113151,0,0,141.0
108,Dell,Ultrabook,Intel Core i7,8,Intel Iris,Windows 10,1.23,123641,1,0,276.0
109,Lenovo,2 in 1 Convertible,Intel Core i5,8,Intel HD,Windows 10,1.37,125434,1,1,166.0
110,HP,Notebook,Intel Core i5,4,Intel UHD,Windows 10,1.63,64735,0,1,112.0
111,Dell,Ultrabook,Intel Core i5,8,Intel UHD,Windows 10,1.21,146056,0,1,166.0
112,HP,2 in 1 Convertible,Intel Core i5,8,Intel UHD,Windows 10,1.26,125433,1,1,166.0
113,HP,Notebook,Intel Core i7,8,Intel UHD,Windows 10,1.63,97191,0,0,157.0
114,Dell,Notebook,Intel Core i7,8,Nvidia GeForce,Windows 10,2.16,101345,0,1,141.0
115,Asus,Notebook,Intel Core i3,4,Nvidia GeForce,Windows 10,2.0,50568,0,0,127.0
116,Asus,Notebook,Intel Core i7,8,Nvidia GeForce,Windows 10,1.7,100240,0,0,141.0
117,Acer,Notebook,Intel Core i3,6,Intel HD,Windows 10,2.1,42947,1,1,141.0
118,MSI,Gaming,Intel Core i7,16,Nvidia GeForce,Windows 10,1.8,200973,0,0,141.0
119,Lenovo,Notebook,Intel Core i5,8,Nvidia GeForce,No OS,2.2,56396,0,0,141.0
120,HP,Notebook,Intel Core i7,16,Nvidia GeForce,Windows 10,2.5,113958,0,0,127.0
121,Acer,Notebook,AMD A Series Processor,4,AMD Radeon,Windows 10,2.1,40437,0,0,100.0
122,HP,Notebook,Other Intel Processor,4,Intel HD,No OS,1.86,23222,0,0,100.0
123,HP,Notebook,Intel Core i5,8,Intel UHD,Windows 10,1.63,72804,0,0,157.0
124,Asus,Notebook,AMD E Series Processor,4,AMD Radeon,Windows 10,1.65,24925,0,0,112.0
125,Dell,Notebook,Intel Core i7,16,AMD Radeon,Windows 10,2.8,125165,0,0,127.0
126,HP,Notebook,Intel Core i5,8,Intel UHD,Windows 10,2.5,83204,0,0,127.0
127,Dell,Notebook,Intel Core i5,8,AMD Radeon,Windows 10,2.36,57292,0,0,100.0
128,Dell,Notebook,Intel Core i3,4,AMD Radeon,Windows 10,2.2,40257,0,0,141.0
129,Acer,Ultrabook,Intel Core i7,8,Intel UHD,Windows 10,1.6,79259,0,1,157.0
130,Acer,Notebook,Intel Core i3,4,Nvidia GeForce,Windows 10,2.2,51286,0,0,141.0
131,HP,Notebook,Intel Core i7,8,Intel HD,Windows 10,2.05,53617,0,0,100.0
132,HP,Notebook,Intel Core i7,8,Intel UHD,Windows 10,1.63,88584,0,0,157.0
133,Lenovo,Notebook,Other Intel Processor,4,Intel HD,No OS,1.9,22627,0,0,100.0
134,Asus,Gaming,Intel Core i5,8,Nvidia GeForce,Windows 10,3.0,84101,0,0,127.0
135,Lenovo,Notebook,Intel Core i5,4,Nvidia GeForce,No OS,2.2,44740,0,0,141.0
136,HP,Notebook,Intel Core i5,4,Intel HD,Windows 10,1.32,62672,0,1,166.0
137,Acer,Notebook,Intel Core i3,4,Nvidia GeForce,Windows 10,3.0,58727,0,1,127.0
138,Lenovo,Notebook,Intel Core i5,8,AMD Radeon,Windows 10,1.75,100062,0,1,157.0
139,Lenovo,Gaming,Intel Core i7,8,Nvidia GeForce,No OS,2.4,77915,0,1,141.0
140,Toshiba,Notebook,Intel Core i5,4,Intel HD,Windows 10,2.1,53975,0,0,100.0
141,HP,Notebook,AMD A Series Processor,4,AMD Radeon,Windows 10,1.86,33085,0,0,100.0
142,Asus,Ultrabook,Intel Core i7,8,Intel UHD,Windows 10,1.25,98536,0,0,157.0
143,HP,Ultrabook,Other Intel Processor,8,Intel HD,Windows 10,0.97,180575,1,1,352.0
144,Asus,Notebook,Other Intel Processor,4,Intel HD,Windows 10,2.0,30843,0,0,141.0
145,MSI,Gaming,Intel Core i7,16,Nvidia GeForce,Windows 10,2.9,181920,0,0,127.0
146,Acer,Notebook,Intel Core i3,4,Intel HD,Windows 10,2.1,40078,0,0,100.0
147,Dell,Gaming,Intel Core i7,16,Nvidia GeForce,Windows 10,2.56,112009,0,0,141.0
148,Dell,Gaming,Intel Core i7,8,Nvidia GeForce,Windows 10,2.62,80604,0,0,141.0
149,Lenovo,Notebook,Intel Core i5,4,Intel HD,Windows 10,1.9,44651,0,0,100.0
150,MSI,Gaming,Intel Core i7,16,Nvidia GeForce,Windows 10,2.8,169457,0,0,127.0
151,HP,Ultrabook,Intel Core i5,4,Intel HD,Windows 10,1.48,97012,0,0,157.0
152,HP,Notebook,Intel Core i5,6,AMD Radeon,Windows 10,1.91,55500,0,0,141.0
153,Lenovo,2 in 1 Convertible,Intel Core i3,4,Intel HD,Windows 10,1.74,56396,1,1,157.0
154,Asus,2 in 1 Convertible,Intel Core i5,8,Intel HD,Windows 10,1.1,117903,1,0,166.0
155,Dell,2 in 1 Convertible,Intel Core i7,8,Intel UHD,Windows 10,1.56,94053,1,0,141.0
156,Toshiba,Notebook,Intel Core i3,4,Intel HD,Windows 10,2.1,40078,0,0,100.0
157,Asus,Notebook,AMD A Series Processor,4,AMD Radeon,Windows 10,2.03,36133,0,0,100.0
158,Acer,Notebook,Intel Core i5,4,Nvidia GeForce,Windows 10,3.0,72176,0,1,127.0
159,Dell,Notebook,Intel Core i5,8,AMD Radeon,Windows 10,2.13,65272,0,0,141.0
160,Lenovo,Gaming,Intel Core i7,16,Nvidia GeForce,Windows 10,2.5,96743,0,1,141.0
161,Acer,Notebook,Other Intel Processor,4,Intel HD,Windows 10,2.1,31202,0,0,100.0
162,MSI,Gaming,Intel Core i7,16,Nvidia GeForce,Windows 10,2.4,161298,0,1,141.0
163,Acer,Notebook,Other Intel Processor,4,Intel HD,Windows 10,2.1,32592,0,0,100.0
164,Dell,Gaming,Intel Core i7,8,Nvidia GeForce,Windows 10,2.56,95084,0,0,141.0
165,Acer,Notebook,Intel Core i5,8,Nvidia GeForce,Windows 10,3.0,76570,0,1,127.0
166,HP,Notebook,Intel Core i5,4,Intel UHD,Windows 10,1.49,67604,0,1,166.0
167,HP,Notebook,Intel Core i5,6,AMD Radeon,Windows 10,2.71,62672,0,1,127.0
168,Lenovo,Notebook,AMD A Series Processor,4,AMD Radeon,No OS,2.2,27705,0,0,100.0
169,Toshiba,Notebook,Intel Core i3,4,Intel HD,Windows 10,2.0,43844,0,0,100.0
170,HP,Notebook,Intel Core i5,8,Nvidia GeForce,Windows 10,2.5,82756,0,0,127.0
171,Dell,Notebook,Intel Core i3,8,Intel HD,Windows 10,2.3,41154,0,0,100.0
172,Acer,Notebook,Intel Core i3,4,Intel HD,Windows 10,2.1,40257,0,0,100.0
173,MSI,Gaming,Intel Core i7,32,Nvidia GTX,Windows 10,4.4,250958,0,0,120.0
174,Lenovo,Notebook,Intel Core i5,8,AMD R17M-M1-70,Windows 10,1.9,72894,0,0,141.0
175,HP,2 in 1 Convertible,Intel Core i5,8,Intel UHD,Windows 10,1.29,134400,1,1,331.0
176,Dell,Notebook,Intel Core i7,16,AMD Radeon,Chrome/Linux/Android,2.02,94053,0,0,141.0
177,Dell,Ultrabook,Intel Core i5,8,Intel UHD,Windows 10,1.23,125434,0,0,166.0
178,Lenovo,2 in 1 Convertible,Intel Core i7,16,Intel UHD,Windows 10,1.4,165781,1,1,317.0
179,Toshiba,Notebook,Intel Core i5,8,Intel HD,Windows 10,2.0,71100,0,0,100.0
180,Dell,Notebook,Intel Core i7,16,Nvidia GeForce,Windows 10,2.77,138883,1,0,127.0
181,Dell,Notebook,Intel Core i7,16,Nvidia GeForce,Windows 10,2.06,214915,1,0,282.0
182,Lenovo,Gaming,Intel Core i5,8,Nvidia GeForce,No OS,2.4,69845,0,1,141.0
183,Acer,Ultrabook,Intel Core i5,8,Intel HD,Windows 10,1.12,88674,0,1,166.0
184,Dell,Notebook,Intel Core i7,8,AMD Radeon,Windows 10,2.8,97281,0,0,127.0
185,Lenovo,2 in 1 Convertible,Intel Core i7,16,Intel HD,Windows 10,1.42,253200,1,0,210.0
186,Lenovo,Notebook,Intel Core i5,8,Nvidia GeForce,No OS,2.8,62583,0,0,106.0
187,Dell,2 in 1 Convertible,Intel Core i7,8,Intel UHD,Windows 10,1.62,75225,1,1,166.0
188,HP,Notebook,Intel Core i5,8,Nvidia GeForce,Windows 10,2.5,81949,0,1,127.0
189,HP,Notebook,Intel Core i5,8,Intel UHD,Windows 10,1.49,85984,0,0,166.0
190,HP,Gaming,Intel Core i7,16,Nvidia GeForce,Windows 10,3.35,123641,0,1,127.0
191,HP,Notebook,Intel Core i7,8,Nvidia GeForce,Windows 10,2.5,93695,0,0,127.0
192,Dell,Gaming,Intel Core i7,16,Nvidia GeForce,Windows 10,2.65,165423,0,1,282.0
193,Lenovo,Notebook,Intel Core i5,4,Intel HD,Windows 10,2.1,44202,0,0,100.0
194,Acer,Notebook,Intel Core i7,8,Nvidia GeForce,Windows 10,2.23,66528,0,0,141.0
195,Lenovo,Gaming,Intel Core i7,16,Nvidia GeForce,Windows 10,3.2,156815,0,1,141.0
196,Dell,Workstation,Other Intel Processor,16,Nvidia Quadro,Windows 10,2.8,273911,0,0,282.0
197,Lenovo,Gaming,Intel Core i7,16,Nvidia GeForce,No OS,2.4,125345,0,0,141.0
198,Dell,Notebook,Intel Core i3,6,Intel HD,Windows 10,2.3,39361,1,0,100.0
199,Dell,Ultrabook,Intel Core i7,8,Intel UHD,Windows 10,1.21,174747,1,1,331.0
200,Dell,Ultrabook,Intel Core i7,8,Intel UHD,Windows 10,1.2,129917,0,0,166.0
201,Lenovo,Notebook,Intel Core i5,8,Intel HD,Windows 10,2.2,53527,0,0,100.0
202,Acer,Notebook,Intel Core i7,8,Nvidia GeForce,Chrome/Linux/Android,2.4,69845,0,0,141.0
203,Asus,Gaming,Intel Core i7,16,Nvidia GeForce,Windows 10,2.9,126152,0,0,127.0
204,HP,Notebook,Intel Core i3,4,Intel HD,No OS,2.1,31291,0,0,141.0
205,Lenovo,Notebook,Intel Core i5,8,Intel HD,No OS,2.2,49223,0,0,141.0
206,Dell,Ultrabook,Intel Core i7,8,AMD Radeon,Windows 10,1.4,83552,0,1,166.0
207,Lenovo,Notebook,Intel Core i5,8,Nvidia GeForce,No OS,2.8,52810,0,0,106.0
208,HP,Notebook,Intel Core i7,8,Nvidia GeForce,Windows 10,1.63,92439,0,0,157.0
209,Dell,Ultrabook,Intel Core i5,8,Intel UHD,Windows 10,1.6,103019,0,0,157.0
210,Dell,2 in 1 Convertible,Intel Core i7,16,Intel UHD,Windows 10,1.62,114675,1,0,166.0
211,Dell,Notebook,Intel Core i5,8,AMD Radeon,Chrome/Linux/Android,2.2,60731,0,0,141.0
212,Lenovo,2 in 1 Convertible,Intel Core i5,8,Intel UHD,Windows 10,1.74,80604,0,1,157.0
213,Toshiba,Ultrabook,Intel Core i7,8,Intel HD,Windows 10,1.2,122207,0,0,166.0
214,HP,Notebook,Intel Core i5,8,Intel UHD,Windows 10,2.1,71190,0,0,141.0
215,Dell,Gaming,Intel Core i7,16,Nvidia GeForce,Windows 10,4.42,220235,0,1,127.0
216,Acer,Notebook,Intel Core i7,8,Nvidia GeForce,Windows 10,2.2,74597,0,0,141.0
217,Dell,Notebook,Intel Core i7,16,AMD Radeon,Windows 10,2.3,77019,1,0,141.0
218,Asus,Notebook,Intel Core i5,8,Nvidia GeForce,Windows 10,2.0,68949,0,0,141.0
219,Asus,Notebook,Intel Core i5,8,Nvidia GeForce,Windows 10,2.69,79887,0,0,127.0
220,HP,Notebook,Intel Core i7,8,AMD FirePro,Windows 10,1.9,113779,0,0,141.0
221,Asus,Notebook,Intel Core i3,4,Intel HD,Windows 10,2.37,35773,0,0,100.0
222,HP,Notebook,AMD E Series Processor,4,AMD Radeon,Windows 10,2.1,29588,0,0,100.0
223,Lenovo,Gaming,Intel Core i7,16,Nvidia GeForce,Windows 10,3.2,134400,0,1,141.0
224,Dell,Notebook,Intel Core i5,8,Intel HD,Windows 10,1.6,77018,0,0,157.0
225,Acer,2 in 1 Convertible,Intel Core i5,8,Intel HD,Windows 10,1.6,61776,1,1,166.0
226,Dell,Notebook,Intel Core i7,16,AMD Radeon,Chrome/Linux/Android,2.36,80604,0,0,141.0
227,Acer,Notebook,Intel Core i3,4,Intel HD,Chrome/Linux/Android,2.1,34967,0,0,100.0
228,Asus,Notebook,AMD A Series Processor,4,AMD Radeon,Windows 10,2.2,51554,0,0,141.0
229,Asus,Gaming,Intel Core i7,32,Nvidia GeForce,Windows 10,4.7,348777,0,0,127.0
230,Acer,Gaming,Intel Core i5,8,Nvidia GeForce,Windows 10,2.5,75852,0,1,141.0
231,Lenovo,Notebook,Intel Core i3,8,Intel HD,Windows 10,2.2,52810,0,0,100.0
232,Asus,Notebook,Intel Core i7,8,Nvidia GeForce,Windows 10,2.1,102661,0,0,127.0
233,Asus,Notebook,Intel Core i7,8,Nvidia GeForce,No OS,2.69,79708,0,0,127.0
234,Dell,Gaming,Intel Core i5,8,Nvidia GeForce,Windows 10,2.56,78811,0,0,141.0
235,Lenovo,2 in 1 Convertible,Intel Core i7,8,Intel HD,Windows 10,1.38,96743,1,1,158.0
236,Dell,Notebook,Intel Core i7,8,AMD Radeon,Windows 10,2.2,88315,0,0,141.0
237,HP,Notebook,Intel Core i5,8,Intel HD,Windows 10,2.04,50120,1,0,100.0
238,Asus,Gaming,Intel Core i7,16,Nvidia GeForce,Windows 10,3.6,268890,0,0,127.0
239,HP,Notebook,Intel Core i5,4,Intel UHD,Windows 10,1.49,60520,0,1,166.0
240,Apple,Ultrabook,Intel Core i5,8,Intel Iris,Mac OS,1.37,182906,0,1,227.0
241,Dell,2 in 1 Convertible,Intel Core i7,8,Intel UHD,Windows 10,2.08,73432,1,1,141.0
242,Asus,Gaming,Intel Core i7,16,Nvidia GeForce,Windows 10,4.3,161298,0,0,127.0
243,Asus,Notebook,AMD A Series Processor,4,AMD Radeon,Windows 10,1.68,42051,0,0,100.0
244,Lenovo,2 in 1 Convertible,Intel Core i7,8,Intel UHD,Windows 10,1.37,165781,1,1,158.0
245,Acer,Notebook,Intel Core i3,4,Nvidia GeForce,Windows 10,3.0,62941,0,1,127.0
246,Dell,Ultrabook,Intel Core i5,8,Intel UHD,Windows 10,1.41,85087,0,0,166.0
247,HP,Notebook,AMD A Series Processor,8,AMD Radeon,Windows 10,1.91,39979,0,0,100.0
248,HP,Notebook,Intel Core i7,16,Nvidia GeForce,Windows 10,2.9,94950,0,1,127.0
249,MSI,Gaming,Intel Core i7,16,Nvidia GeForce,Windows 10,4.14,224060,0,0,127.0
250,Lenovo,2 in 1 Convertible,Intel Core i7,8,Nvidia GeForce,Windows 10,2.0,152332,1,1,141.0
251,Dell,Notebook,Intel Core i7,8,AMD Radeon,Windows 10,2.8,102392,0,0,127.0
252,Lenovo,Notebook,Intel Core i3,4,Intel HD,No OS,2.2,39809,0,0,141.0
253,HP,Notebook,Intel Core i5,4,Intel HD,Windows 10,2.1,64735,0,1,141.0
254,Dell,Notebook,Intel Core i5,4,Intel HD,Windows 10,2.18,58907,0,0,141.0
255,Dell,Notebook,Intel Core i5,8,AMD Radeon,Windows 10,2.24,50658,0,0,141.0
256,Dell,2 in 1 Convertible,Intel Core i5,8,Intel UHD,Windows 10,2.67,71638,1,0,141.0
257,Asus,2 in 1 Convertible,Intel Core i7,8,Intel UHD,Windows 10,1.1,134400,1,0,166.0
258,Lenovo,Notebook,Intel Core i5,4,Intel HD,No OS,2.2,41871,0,0,141.0
259,HP,Notebook,Intel Core i7,8,Nvidia GeForce,Windows 10,2.5,91274,0,0,127.0
260,Lenovo,Notebook,Intel Core i7,8,Intel UHD,Windows 10,2.05,78901,0,0,141.0
261,Apple,Ultrabook,Intel Core i5,8,Intel Iris,Mac OS,1.37,175635,0,1,227.0
262,Asus,Gaming,AMD Ryzen Series,16,AMD Radeon,Windows 10,3.2,138883,0,0,127.0
263,Dell,Notebook,Intel Core i7,8,AMD Radeon,Chrome/Linux/Android,2.14,65906,0,0,141.0
264,Lenovo,2 in 1 Convertible,Intel Core i7,16,Intel HD,Windows 10,1.36,224060,1,0,210.0
265,Toshiba,Notebook,Intel Core i7,8,Nvidia GeForce,Windows 10,2.2,72804,0,0,100.0
266,Dell,Notebook,Intel Core i7,12,Intel HD,Windows 10,2.3,63934,0,0,100.0
267,Dell,Notebook,Intel Core i7,8,AMD Radeon,Chrome/Linux/Android,2.8,98536,0,0,127.0
268,Acer,Notebook,Intel Core i7,8,Nvidia GeForce,Windows 10,2.2,66797,0,1,141.0
269,Lenovo,Notebook,Intel Core i3,4,Intel HD,Windows 10,2.8,43844,0,0,106.0
270,Lenovo,Notebook,Intel Core i7,8,Nvidia GeForce,No OS,2.8,76121,0,0,127.0
271,Lenovo,Notebook,Intel Core i7,6,Nvidia GeForce,Windows 10,2.8,77018,0,0,106.0
272,Dell,Notebook,Intel Core i3,4,AMD Radeon,Chrome/Linux/Android,2.25,38374,0,0,141.0
273,Lenovo,Gaming,Intel Core i5,8,Nvidia GeForce,Windows 10,2.5,74328,0,1,141.0
274,Lenovo,Notebook,Intel Core i5,6,Intel HD,Windows 10,2.2,51913,0,0,141.0
275,Acer,Notebook,Intel Core i7,8,Nvidia GeForce,Windows 10,3.0,85267,0,1,141.0
276,Acer,Notebook,Intel Core i7,12,Intel HD,Windows 10,2.15,59086,1,1,141.0
277,Lenovo,Notebook,Intel Core i7,8,Intel HD,Windows 10,1.95,98357,0,1,141.0
278,Asus,Ultrabook,Intel Core i5,8,Nvidia GeForce,Windows 10,1.7,87598,0,0,141.0
279,Lenovo,Gaming,Intel Core i7,16,Nvidia GeForce,Windows 10,2.5,105709,0,1,141.0
280,Lenovo,Notebook,Intel Core i7,8,Nvidia GeForce,No OS,2.2,59087,0,0,141.0
281,Acer,Notebook,Other Intel Processor,2,Intel HD,Chrome/Linux/Android,2.19,17842,0,0,100.0
282,Asus,Gaming,Intel Core i7,8,Nvidia GeForce,Windows 10,3.0,106426,0,0,127.0
283,HP,Notebook,Intel Core i3,8,Intel HD,Windows 10,2.54,43844,0,0,106.0
284,Dell,Notebook,Intel Core i7,8,Nvidia GeForce,Windows 10,2.0,163988,0,0,141.0
285,Lenovo,Notebook,Intel Core i5,8,Intel UHD,Windows 10,2.05,66259,0,0,141.0
286,Lenovo,Gaming,Intel Core i7,8,Nvidia GeForce,Windows 10,3.2,116468,0,1,141.0
287,Acer,Notebook,Intel Core i7,8,Nvidia GeForce,Chrome/Linux/Android,2.5,87777,0,0,141.0
288,Dell,Workstation,Intel Core i7,16,Nvidia Quadro,Windows 10,3.42,258657,0,0,127.0
289,Lenovo,Notebook,AMD A Series Processor,6,AMD Radeon,Windows 10,2.4,44740,0,0,141.0
290,Asus,Ultrabook,Intel Core i7,16,Nvidia GeForce,Windows 10,1.63,131621,0,0,141.0
291,Asus,Notebook,Intel Core i3,4,Intel HD,Windows 10,1.3,45637,0,0,112.0
292,Asus,Gaming,Intel Core i7,16,Nvidia GeForce,Windows 10,2.9,190259,0,0,127.0
293,Lenovo,Notebook,Intel Core i5,6,Nvidia GeForce,Windows 10,2.8,58189,0,0,106.0
294,Lenovo,Notebook,Intel Core i5,8,Nvidia GeForce,No OS,2.2,49223,0,0,100.0
295,Asus,Gaming,Intel Core i7,8,Nvidia GeForce,Windows 10,2.5,113420,0,0,141.0
296,Lenovo,Notebook,Other Intel Processor,4,Intel HD,No OS,2.2,32277,0,0,100.0
297,HP,2 in 1 Convertible,Intel Core i7,16,Intel HD,Windows 10,1.28,177078,1,0,166.0
298,Toshiba,Notebook,Intel Core i7,8,Nvidia GeForce,Windows 10,2.2,93515,0,1,141.0
299,Lenovo,Notebook,Intel Core i5,8,Nvidia GeForce,Windows 10,2.3,73432,0,0,141.0
300,HP,Notebook,Intel Core i3,4,Intel HD,Windows 10,1.86,42051,0,0,141.0
301,Lenovo,Notebook,Intel Core i5,8,Intel HD,Windows 10,1.1,89570,0,1,166.0
302,Dell,Ultrabook,Intel Core i7,16,Intel UHD,Windows 10,1.21,224060,1,1,331.0
303,MSI,Gaming,Intel Core i7,16,Nvidia GeForce,Windows 10,2.8,188196,0,1,141.0
304,Acer,Notebook,AMD A Series Processor,8,AMD Radeon,Windows 10,2.23,42051,0,0,141.0
305,Asus,2 in 1 Convertible,Other Intel Processor,2,Intel HD,Windows 10,1.1,24656,1,0,135.0
306,Dell,Notebook,Intel Core i5,8,AMD Radeon,Windows 10,2.33,75673,0,0,141.0
307,HP,2 in 1 Convertible,Intel Core i7,16,Intel UHD,Windows 10,1.29,219577,1,1,331.0
308,Lenovo,Notebook,Other Intel Processor,4,Intel HD,Chrome/Linux/Android,1.45,41235,0,0,118.0
309,HP,Notebook,Intel Core i5,8,Intel HD,Windows 10,1.95,87867,0,0,157.0
310,Acer,Notebook,Other Intel Processor,4,Intel HD,Windows 10,1.4,43485,0,0,135.0
311,HP,Notebook,Intel Core i7,8,Intel HD,Windows 10,1.48,115841,0,0,157.0
312,Lenovo,Notebook,Intel Core i5,4,Nvidia GeForce,Windows 10,2.79,52810,0,0,106.0
313,Asus,Notebook,Intel Core i7,8,Intel HD,Windows 10,2.0,98088,0,0,157.0
314,HP,Notebook,Intel Core i7,8,Intel UHD,Windows 10,2.1,80873,0,1,100.0
315,Acer,Notebook,AMD A Series Processor,8,AMD Radeon,Windows 10,2.2,59086,0,0,100.0
316,Lenovo,Notebook,Other Intel Processor,4,Intel HD,Windows 10,1.44,26181,0,0,112.0
317,Acer,Notebook,Intel Core i5,6,Intel HD,Windows 10,2.23,49223,0,0,100.0
318,Asus,Ultrabook,Intel Core i7,8,Nvidia GeForce,Windows 10,1.7,94134,0,0,141.0
319,HP,Ultrabook,Intel Core i7,8,Intel HD,Windows 10,1.26,119696,0,0,176.0
320,Dell,Notebook,Intel Core i7,32,Nvidia GeForce,Windows 10,2.06,236613,1,0,282.0
321,MSI,Gaming,Intel Core i7,8,Nvidia GeForce,Windows 10,2.7,107502,0,0,127.0
322,Toshiba,Notebook,Intel Core i5,8,Intel HD,Windows 10,2.0,84549,0,1,141.0
323,Asus,Notebook,Intel Core i7,8,Intel HD,Windows 10,2.0,119606,0,0,157.0
324,Lenovo,Notebook,Intel Core i3,4,Intel HD,Windows 10,1.85,40257,0,0,141.0
325,Asus,Gaming,Intel Core i7,8,Nvidia GeForce,Windows 10,2.5,89570,0,0,141.0
326,HP,Notebook,Intel Core i5,8,Intel HD,Windows 10,1.48,113689,0,0,157.0
327,Dell,Ultrabook,Intel Core i5,8,Nvidia GeForce,Windows 10,1.9,94053,0,1,141.0
328,HP,Notebook,Intel Core i5,8,Intel HD,Windows 10,1.84,102571,0,0,141.0
329,Asus,Notebook,Other Intel Processor,4,Intel HD,Chrome/Linux/Android,2.0,24656,0,0,100.0
330,Dell,Notebook,Intel Core i5,8,Nvidia GeForce,Windows 10,2.0,102459,0,0,141.0
331,Dell,Notebook,Other Intel Processor,4,Intel HD,Chrome/Linux/Android,2.2,24648,0,0,100.0
332,Lenovo,Notebook,AMD A Series Processor,12,AMD Radeon,Windows 10,2.2,80604,0,0,141.0
333,HP,Notebook,Intel Core i3,8,Nvidia GeForce,Windows 10,2.1,64197,0,1,141.0
334,Lenovo,2 in 1 Convertible,Intel Core i7,16,Intel UHD,Windows 10,1.4,188196,1,1,317.0
335,Dell,Ultrabook,Intel Core i7,8,Intel UHD,Windows 10,1.2,141573,0,0,166.0
336,Lenovo,Gaming,Intel Core i7,16,Nvidia GeForce,Windows 10,2.4,101226,0,1,141.0
337,HP,Notebook,Other Intel Processor,2,Intel HD,Windows 10,1.44,25015,0,0,112.0
338,Dell,Ultrabook,Intel Core i7,16,Intel UHD,Windows 10,1.88,144170,0,0,141.0
339,Asus,2 in 1 Convertible,Other Intel Processor,4,Intel HD,Windows 10,1.5,33622,1,0,135.0
340,Dell,Ultrabook,Intel Core i5,8,AMD Radeon,Windows 10,1.9,59445,0,0,141.0
341,Dell,Notebook,Intel Core i7,16,Nvidia GeForce,Windows 10,2.06,181778,1,0,282.0
342,HP,Notebook,Intel Core i7,8,Intel HD,Windows 10,1.84,116917,0,0,141.0
343,MSI,Gaming,Intel Core i7,8,Nvidia GeForce,Windows 10,2.7,126331,0,0,127.0
344,HP,Workstation,Intel Core i7,8,Nvidia Quadro,Windows 10,2.6,155853,0,0,141.0
345,Toshiba,Notebook,Intel Core i7,16,Nvidia GeForce,Windows 10,2.4,125793,0,1,141.0
346,Dell,Notebook,Intel Core i7,8,AMD Radeon,Windows 10,2.02,87051,0,0,141.0
347,Lenovo,Notebook,Other Intel Processor,4,Intel HD,No OS,2.2,28870,0,0,100.0
348,Dell,Gaming,Intel Core i5,8,Nvidia GeForce,Windows 10,2.65,89570,0,0,141.0
349,Dell,Notebook,Intel Core i5,8,Intel HD,Windows 10,2.36,49974,1,0,100.0
350,Dell,Notebook,Intel Core i5,8,Intel HD,Windows 10,1.36,127945,0,0,157.0
351,HP,Notebook,Intel Core i3,4,Intel HD,Windows 10,1.86,39361,0,0,100.0
352,Asus,Notebook,Intel Core i5,8,Intel HD,Windows 10,2.0,84729,0,0,157.0
353,Lenovo,Notebook,Intel Core i5,6,Nvidia GeForce,Windows 10,2.8,64466,0,0,106.0
354,HP,Notebook,Intel Core i5,8,Intel HD,Windows 10,1.86,57293,0,0,141.0
355,Lenovo,Notebook,Intel Core i3,8,Nvidia GeForce,No OS,2.2,44740,0,0,100.0
356,HP,Notebook,Other Intel Processor,8,Intel HD,Windows 10,2.04,34878,0,0,100.0
357,Dell,Notebook,Intel Core i5,8,AMD Radeon,Windows 10,2.8,97281,0,0,127.0
358,Lenovo,Gaming,Intel Core i5,8,Nvidia GeForce,No OS,2.4,72535,0,1,141.0
359,Dell,Notebook,Intel Core i7,8,AMD Radeon,Windows 10,2.33,80604,0,0,141.0
360,HP,Ultrabook,Intel Core i7,8,Intel HD,Windows 10,1.36,156905,0,1,157.0
361,Asus,2 in 1 Convertible,Intel Core i7,12,Nvidia GeForce,Windows 10,2.26,98536,1,0,141.0
362,Acer,Notebook,AMD A Series Processor,4,AMD Radeon,Windows 10,2.1,38195,0,0,100.0
363,Asus,Gaming,AMD Ryzen Series,16,AMD Radeon,Windows 10,3.25,197162,0,1,127.0
364,Lenovo,Notebook,AMD A Series Processor,4,AMD Radeon,Windows 10,2.6,43844,0,0,106.0
365,Dell,2 in 1 Convertible,Intel Core i7,8,Intel UHD,Windows 10,1.62,77915,1,0,166.0
366,HP,Notebook,AMD A Series Processor,4,AMD Radeon,Windows 10,1.91,43843,0,0,141.0
367,Lenovo,Netbook,Other Intel Processor,4,Intel HD,Windows 10,1.59,49582,0,1,135.0
368,Dell,Notebook,Other Intel Processor,4,Intel HD,Windows 10,1.8,27705,0,0,100.0
369,Asus,Notebook,Other Intel Processor,4,Intel HD,Windows 10,1.5,25643,0,0,112.0
370,Acer,Notebook,Intel Core i7,8,Nvidia GeForce,Chrome/Linux/Android,2.4,75852,0,0,141.0
371,HP,Gaming,Intel Core i7,8,Nvidia GeForce,Windows 10,3.35,106785,0,1,127.0
372,Lenovo,Notebook,Intel Core i3,4,Intel HD,No OS,1.85,36178,0,0,141.0
373,Asus,Gaming,Intel Core i7,8,Nvidia GeForce,Windows 10,2.3,148387,0,1,141.0
374,Lenovo,Notebook,Intel Core i5,8,Nvidia GeForce,Windows 10,1.5,98536,0,1,157.0
375,Asus,Ultrabook,Intel Core i7,16,Intel HD,Windows 10,1.1,156806,1,0,166.0
376,Lenovo,Ultrabook,Intel Core i7,8,Intel HD,Windows 10,1.13,204604,0,1,210.0
377,Lenovo,Notebook,Intel Core i3,4,Intel HD,Windows 10,1.5,49223,0,1,166.0
378,Dell,Workstation,Intel Core i5,8,AMD FirePro,Windows 10,2.23,122745,0,0,141.0
379,Dell,Workstation,Intel Core i7,8,Nvidia Quadro,Windows 10,2.0,191424,0,1,141.0
380,Lenovo,2 in 1 Convertible,Intel Core i7,16,Intel HD,Windows 10,1.42,224957,1,0,210.0
381,Asus,Gaming,Intel Core i7,8,Nvidia GeForce,Windows 10,3.0,93157,0,0,127.0
382,Asus,Gaming,Intel Core i7,16,Nvidia GeForce,Windows 10,3.0,142649,0,0,127.0
383,Acer,Notebook,Intel Core i5,12,Nvidia GeForce,Windows 10,2.2,62223,0,1,100.0
384,MSI,Gaming,Intel Core i7,8,Nvidia GeForce,Windows 10,2.7,120951,0,0,127.0
385,Dell,Notebook,Intel Core i7,8,AMD Radeon,Chrome/Linux/Android,2.33,69833,0,0,141.0
386,HP,Ultrabook,AMD A Series Processor,4,AMD Radeon,Windows 10,1.91,44740,0,0,141.0
387,Lenovo,Notebook,Intel Core i7,8,AMD Radeon,Windows 10,2.1,110242,0,1,141.0
388,Lenovo,Notebook,Intel Core i5,8,Intel HD,Windows 10,1.9,84101,0,1,157.0
389,Dell,Workstation,Intel Core i7,8,Nvidia Quadro,Windows 10,1.78,243158,1,0,282.0
390,Lenovo,Ultrabook,Intel Core i7,16,Intel HD,Windows 10,1.13,235358,0,1,210.0
391,Lenovo,Notebook,Other Intel Processor,4,Intel HD,Windows 10,2.2,27436,0,0,100.0
392,Asus,Gaming,Intel Core i7,16,Nvidia GeForce,Windows 10,2.9,137090,0,0,127.0
393,Lenovo,Notebook,Intel Core i5,8,AMD Radeon,Windows 10,2.1,102616,0,1,141.0
394,Acer,Notebook,Intel Core i7,8,Nvidia GeForce,Chrome/Linux/Android,2.5,78811,0,0,141.0
395,MSI,Gaming,Intel Core i7,16,Nvidia GeForce,Windows 10,2.8,201645,0,0,127.0
396,Asus,Ultrabook,Intel Core i7,8,Intel HD,Windows 10,1.1,167933,0,0,157.0
397,Toshiba,Ultrabook,Intel Core i7,16,Intel HD,Windows 10,1.2,156636,0,0,166.0
398,Dell,Ultrabook,Intel Core i7,8,Intel HD,Windows 10,1.36,150629,0,0,157.0
399,Lenovo,Notebook,Intel Core i3,4,Intel HD,Windows 10,2.2,36671,0,0,141.0
400,Lenovo,Notebook,Other Intel Processor,2,Intel HD,Windows 10,1.15,27297,0,0,135.0
401,Lenovo,Workstation,Intel Core i7,8,Nvidia Quadro,Windows 10,2.67,172596,0,0,141.0
402,Lenovo,Ultrabook,Intel Core i7,8,Nvidia GeForce,Windows 10,1.7,174209,0,1,210.0
403,HP,Notebook,Intel Core i3,4,AMD Radeon,Windows 10,2.1,42051,0,0,141.0
404,Acer,2 in 1 Convertible,Intel Core i7,8,Intel HD,Windows 10,1.6,70743,1,1,166.0
405,Asus,2 in 1 Convertible,Intel Core i5,8,Intel HD,Windows 10,1.27,83204,1,1,166.0
406,Dell,Notebook,Intel Core i5,4,AMD Radeon,Chrome/Linux/Android,2.3,53697,0,0,141.0
407,Dell,Notebook,Intel Core i3,4,Intel HD,Windows 10,1.65,61776,0,0,118.0
408,HP,Ultrabook,Intel Core i7,8,Intel HD,Windows 10,1.43,134490,0,0,157.0
409,Dell,Notebook,Intel Core i5,8,Intel HD,Windows 10,2.14,48412,0,0,100.0
410,Lenovo,Ultrabook,Intel Core i7,8,AMD Radeon,Windows 10,1.75,108971,0,1,157.0
411,Lenovo,2 in 1 Convertible,Intel Core i7,16,Nvidia GeForce,Windows 10,2.0,170264,1,1,282.0
412,HP,Notebook,Intel Core i7,8,Intel HD,Windows 10,2.31,127945,0,0,141.0
413,Asus,Notebook,Intel Core i3,8,Nvidia GeForce,Chrome/Linux/Android,2.3,53527,0,0,141.0
414,Dell,Gaming,Intel Core i7,16,Nvidia GeForce,Windows 10,4.42,250958,0,1,170.0
415,Dell,Gaming,Intel Core i7,8,Nvidia GeForce,Windows 10,2.62,103916,0,1,141.0
416,Dell,Notebook,Intel Core i7,8,AMD Radeon,Windows 10,2.02,102428,0,0,141.0
417,Dell,Ultrabook,Intel Core i7,8,Intel HD,Chrome/Linux/Android,1.6,98536,0,0,157.0
418,HP,Gaming,Intel Core i7,12,Nvidia GeForce,Windows 10,3.35,179230,0,0,127.0
419,Lenovo,Notebook,Intel Core i7,8,Intel HD,Windows 10,1.4,90557,0,1,166.0
420,Lenovo,Notebook,Intel Core i3,4,Intel HD,Windows 10,1.7,53706,0,1,157.0
421,Lenovo,Workstation,Intel Core i7,16,Nvidia GeForce,Windows 10,2.3,219219,0,1,282.0
422,Lenovo,Notebook,Intel Core i7,16,Nvidia Quadro,Windows 10,2.5,219577,0,0,141.0
423,Asus,Gaming,AMD Ryzen Series,8,AMD Radeon,Windows 10,3.2,151974,0,0,127.0
424,HP,Notebook,Other Intel Processor,4,Intel HD,Windows 10,2.1,31112,0,0,100.0
425,Lenovo,Ultrabook,Intel Core i7,24,Intel HD,Windows 10,1.32,213570,0,0,210.0
426,Asus,Notebook,Intel Core i5,4,Intel HD,Chrome/Linux/Android,2.0,50120,0,0,141.0
427,Lenovo,Notebook,AMD A Series Processor,8,AMD Radeon,Windows 10,2.8,46534,0,0,106.0
428,Dell,Notebook,Intel Core i5,4,AMD Radeon,Windows 10,2.2,67155,0,0,141.0
429,Lenovo,Ultrabook,Intel Core i5,8,Intel HD,Windows 10,1.36,128124,0,1,176.0
430,Lenovo,Notebook,Other Intel Processor,4,Intel HD,Windows 10,2.2,31291,0,0,141.0
431,HP,Gaming,Intel Core i7,8,Nvidia GeForce,Windows 10,2.2,98536,0,1,141.0
432,Dell,Notebook,Intel Core i5,8,Nvidia GeForce,Windows 10,1.64,105709,0,0,157.0
433,Acer,Notebook,Intel Core i5,4,Intel HD,Chrome/Linux/Android,2.4,39612,0,0,100.0
434,Dell,Workstation,Other Intel Processor,8,Nvidia Quadro,Windows 10,2.23,178692,0,0,141.0
435,MSI,Gaming,Intel Core i5,8,Nvidia GeForce,Windows 10,2.2,92147,0,0,141.0
436,HP,Notebook,Intel Core i5,8,Intel HD,Windows 10,1.91,52810,0,0,100.0
437,Dell,Workstation,Intel Core i7,16,Nvidia Quadro,Windows 10,2.17,177078,0,1,141.0
438,HP,Workstation,Intel Core i7,8,Intel HD,Windows 10,2.31,137538,0,1,141.0
439,Lenovo,Notebook,Intel Core i5,8,Intel HD,Windows 10,1.65,120593,0,0,157.0
440,Dell,Notebook,Intel Core i7,8,AMD Radeon,Windows 10,2.36,87777,0,0,141.0
441,Dell,2 in 1 Convertible,Other Intel Processor,4,Intel HD,Windows 10,1.47,42947,1,0,135.0
442,Dell,Notebook,Intel Core i7,8,Nvidia GeForce,Windows 10,4.42,183444,0,1,127.0
443,HP,Notebook,Intel Core i3,8,Intel HD,Windows 10,2.5,57373,0,0,106.0
444,Acer,Notebook,Intel Core i3,4,Nvidia GeForce,Windows 10,2.23,48775,0,0,141.0
445,Acer,Netbook,Other Intel Processor,4,Intel HD,Windows 10,1.4,39002,0,0,135.0
446,Asus,Notebook,Intel Core i5,8,Intel HD,Windows 10,2.37,67155,0,0,141.0
447,Lenovo,Notebook,Intel Core i7,8,AMD Radeon,No OS,1.5,71638,0,1,157.0
448,Lenovo,Notebook,Intel Core i7,8,Nvidia Quadro,Windows 10,2.67,187389,0,0,141.0
449,Asus,Notebook,Other Intel Processor,4,Intel HD,Windows 10,2.0,27257,0,0,100.0
450,Acer,Notebook,Intel Core i3,4,Nvidia GeForce,Windows 10,2.2,42051,0,0,100.0
451,Dell,Notebook,Intel Core i5,8,AMD Radeon,Windows 10,2.02,68052,0,0,141.0
452,HP,Gaming,Intel Core i7,12,Nvidia GeForce,Windows 10,3.78,152332,0,1,127.0
453,Lenovo,Ultrabook,Intel Core i7,12,Intel HD,Windows 10,1.4,166588,0,1,210.0
454,HP,2 in 1 Convertible,Intel Core i7,8,Intel UHD,Windows 10,1.29,179230,1,1,331.0
455,HP,Notebook,Intel Core i5,8,AMD FirePro,Windows 10,1.9,103468,0,0,141.0
456,Dell,Ultrabook,Intel Core i5,8,Intel UHD,Windows 10,1.42,165140,1,0,166.0
457,Asus,Notebook,Intel Core i7,12,Intel HD,Windows 10,2.06,116468,0,1,282.0
458,Dell,Notebook,Intel Core i3,8,Intel HD,Windows 10,1.79,66348,0,0,112.0
459,Dell,Workstation,Intel Core i7,8,Nvidia Quadro,Windows 10,1.78,215901,0,0,141.0
460,Lenovo,Notebook,Intel Core i5,8,Intel HD,Windows 10,1.7,122296,0,0,157.0
461,Dell,Notebook,Intel Core i5,8,AMD Radeon,Windows 10,2.2,60520,0,0,141.0
462,Toshiba,Notebook,Intel Core i5,8,Intel HD,Windows 10,1.05,149912,0,1,166.0
463,Dell,Notebook,Intel Core i7,8,Nvidia GeForce,Windows 10,2.16,113151,0,1,141.0
464,Dell,Notebook,Intel Core i3,4,Intel HD,Windows 10,2.18,52595,0,0,100.0
465,HP,Notebook,Intel Core i5,4,Intel UHD,Windows 10,1.49,65093,0,1,166.0
466,Lenovo,Notebook,Intel Core i3,4,Intel HD,Windows 10,2.3,50658,0,0,100.0
467,Lenovo,Notebook,Intel Core i5,8,Intel UHD,Windows 10,1.75,94053,0,1,157.0
468,Dell,Workstation,Intel Core i7,16,Nvidia Quadro,Windows 10,2.17,209625,0,1,141.0
469,Dell,Notebook,Intel Core i7,16,Nvidia GeForce,Windows 10,2.06,170264,0,0,141.0
470,Lenovo,Ultrabook,Intel Core i7,16,Intel HD,Windows 10,1.36,161209,0,1,176.0
471,Asus,Ultrabook,Intel Core i7,16,Intel HD,Windows 10,0.91,174837,0,0,176.0
472,Lenovo,Notebook,Intel Core i5,8,Nvidia GeForce,Windows 10,2.3,90735,0,1,141.0
473,Toshiba,Ultrabook,Intel Core i7,32,Intel HD,Windows 10,1.05,250958,1,0,166.0
474,Asus,Gaming,Intel Core i7,8,Nvidia GeForce,Windows 10,1.99,121041,0,0,141.0
475,Acer,Notebook,AMD A Series Processor,8,AMD Radeon,Windows 10,2.2,51913,0,0,100.0
476,Asus,Gaming,Intel Core i7,24,Nvidia GeForce,Windows 10,4.33,113779,1,1,127.0
477,Lenovo,Ultrabook,Intel Core i5,8,Intel HD,Windows 10,1.3,98536,0,1,125.0
478,Lenovo,Notebook,Intel Core i7,8,Intel UHD,Windows 10,2.17,80595,0,0,141.0
479,HP,Notebook,Intel Core i7,8,Intel HD,Windows 10,1.48,156815,0,0,157.0
480,Lenovo,Notebook,Intel Core i3,8,Intel HD,Windows 10,1.4,85087,0,1,166.0
481,Lenovo,Notebook,Intel Core i5,8,Intel HD,Windows 10,2.3,81680,0,1,141.0
482,Asus,Netbook,Other Intel Processor,4,Intel HD,Windows 10,1.2,30484,0,0,135.0
483,HP,Notebook,Intel Core i5,8,AMD Radeon,Windows 10,1.91,55499,0,0,100.0
484,Lenovo,2 in 1 Convertible,Intel Core i5,8,Intel UHD,Windows 10,1.4,143366,1,1,158.0
485,Lenovo,Notebook,Other Intel Processor,4,Intel HD,Windows 10,2.1,26808,0,0,112.0
486,Lenovo,Netbook,Other Intel Processor,4,Intel HD,Chrome/Linux/Android,1.25,23760,0,0,135.0
487,Lenovo,Notebook,Intel Core i5,8,Intel HD,Windows 10,1.44,85087,0,0,166.0
488,Asus,Notebook,Intel Core i7,8,Intel HD,Windows 10,2.0,109744,0,0,141.0
489,Acer,Notebook,Intel Core i5,4,Nvidia GeForce,Windows 10,2.2,54962,0,1,141.0
490,HP,Ultrabook,Intel Core i7,8,Intel HD,Windows 10,1.34,118620,0,1,166.0
491,Lenovo,Gaming,Intel Core i7,8,Nvidia GeForce,No OS,2.4,103019,0,1,141.0
492,Dell,Ultrabook,Intel Core i5,8,Intel HD,Windows 10,1.29,80604,1,1,166.0
493,Acer,Notebook,Intel Core i7,4,Nvidia GeForce,Windows 10,2.2,57293,0,0,141.0
494,Dell,Notebook,Intel Core i5,8,Intel HD,Windows 10,2.18,74956,0,0,141.0
495,Dell,Notebook,Intel Core i7,16,AMD Radeon,Windows 10,2.2,109317,0,0,141.0
496,Asus,Netbook,Other Intel Processor,2,Intel HD,Windows 10,1.1,21967,0,0,135.0
497,HP,Notebook,Intel Core i5,4,Intel UHD,Windows 10,2.04,46755,1,0,100.0
498,Asus,Gaming,Intel Core i7,24,Nvidia GeForce,Windows 10,2.24,266111,0,0,141.0
499,HP,Notebook,Intel Core i5,8,Nvidia GeForce,Windows 10,2.04,79708,0,0,141.0
500,Asus,Gaming,Intel Core i7,16,Nvidia GeForce,Windows 10,3.0,134849,0,0,127.0
501,Lenovo,Gaming,Intel Core i7,8,Nvidia GeForce,Windows 10,3.2,125434,0,1,141.0
502,HP,Ultrabook,Intel Core i7,8,Intel HD,Windows 10,1.32,125434,0,1,166.0
503,Dell,Notebook,Intel Core i5,8,Intel HD,Windows 10,1.64,114741,0,0,157.0
504,HP,Notebook,Intel Core i3,4,Intel HD,Windows 10,1.63,61776,0,0,100.0
505,Dell,Notebook,Intel Core i5,8,AMD Radeon,Chrome/Linux/Android,2.8,79708,0,1,127.0
506,Lenovo,Notebook,Intel Core i5,8,Intel HD,Windows 7,2.02,120144,0,0,157.0
507,Lenovo,Notebook,Intel Core i7,4,Nvidia GeForce,Windows 10,2.2,71638,0,0,141.0
508,Lenovo,Notebook,Intel Core i3,8,Nvidia GeForce,No OS,2.2,41154,0,0,100.0
509,Dell,Notebook,Intel Core i5,4,AMD Radeon,Windows 10,2.3,52451,0,0,141.0
510,Dell,Notebook,Intel Core i5,8,Intel HD,Windows 10,1.9,123462,0,0,141.0
511,Dell,Gaming,Intel Core i7,16,Nvidia GeForce,Windows 10,4.42,270125,0,1,127.0
512,Toshiba,Notebook,Intel Core i5,8,Intel HD,Windows 10,2.0,77108,0,1,141.0
513,Asus,Notebook,Intel Core i7,8,Nvidia GeForce,Windows 10,2.0,116468,0,1,282.0
514,Asus,Gaming,Intel Core i5,8,Nvidia GeForce,Windows 10,2.3,147849,0,1,141.0
515,Dell,Notebook,Intel Core i7,8,Nvidia GeForce,Windows 10,1.93,122745,0,0,141.0
516,Dell,Notebook,Intel Core i5,8,AMD Radeon,Windows 10,2.2,71496,0,0,141.0
517,HP,Notebook,Other Intel Processor,4,Intel HD,Windows 10,1.86,35773,0,0,141.0
518,HP,Gaming,Intel Core i7,12,Nvidia GeForce,Windows 10,2.62,161298,0,0,127.0
519,Lenovo,Notebook,Intel Core i7,8,Nvidia GeForce,Windows 10,1.87,77018,0,1,157.0
520,Dell,Ultrabook,Intel Core i7,8,Intel UHD,Windows 10,1.2,125434,1,0,276.0
521,Dell,Notebook,Intel Core i3,4,Intel HD,Windows 10,1.6,65978,0,0,157.0
522,HP,Ultrabook,Intel Core i7,8,Intel HD,Windows 10,1.34,102661,0,1,276.0
523,Acer,Gaming,Intel Core i5,8,Nvidia GeForce,Chrome/Linux/Android,2.4,71549,0,0,141.0
524,Asus,Notebook,AMD E Series Processor,4,AMD Radeon,Windows 10,2.0,31291,0,0,100.0
525,HP,Notebook,Intel Core i3,4,Intel HD,Windows 10,2.1,63255,0,0,141.0
526,Lenovo,Notebook,Intel Core i5,4,Intel HD,Windows 10,1.87,70383,0,0,157.0
527,Lenovo,Notebook,Intel Core i5,4,Intel HD,No OS,2.15,41454,0,0,141.0
528,HP,Notebook,Intel Core i3,4,Intel HD,Windows 10,1.86,35595,0,0,141.0
529,Lenovo,Notebook,Intel Core i7,8,Intel HD,Windows 10,1.99,155022,0,1,141.0
530,Lenovo,Notebook,Intel Core i3,4,Intel HD,Windows 10,2.2,44740,0,0,141.0
531,Dell,Notebook,Intel Core i5,8,Intel HD,Windows 10,1.9,100149,0,0,141.0
532,Dell,Gaming,Intel Core i7,16,Nvidia GeForce,Windows 10,4.42,241992,0,1,127.0
533,HP,Notebook,Intel Core i3,8,Intel HD,Windows 10,2.65,48788,0,0,106.0
534,HP,Notebook,Intel Core i7,8,Nvidia GeForce,Windows 10,2.63,114765,0,0,127.0
535,Asus,Notebook,Other Intel Processor,4,Intel HD,Chrome/Linux/Android,2.0,20084,0,0,100.0
536,Lenovo,Notebook,Intel Core i7,6,Nvidia GeForce,Windows 10,2.8,85087,0,0,106.0
537,HP,Notebook,AMD A Series Processor,6,AMD Radeon,Windows 10,1.91,51008,0,1,141.0
538,Dell,Notebook,Intel Core i3,4,AMD Radeon,Windows 10,2.18,55401,0,0,100.0
539,Acer,2 in 1 Convertible,Other Intel Processor,4,Intel HD,Windows 10,1.25,31291,1,1,190.0
540,Lenovo,Notebook,Intel Core i3,4,Intel HD,Windows 10,2.05,56486,0,0,141.0
541,HP,Ultrabook,Other Intel Processor,16,Intel HD,Windows 10,1.16,176182,1,1,276.0
542,Lenovo,Notebook,Intel Core i7,8,Nvidia Quadro,Windows 10,3.4,268890,0,1,127.0
543,Asus,Notebook,Intel Core i5,8,Nvidia GeForce,Windows 10,2.5,75225,0,0,141.0
544,Dell,Ultrabook,Intel Core i5,8,Intel UHD,Windows 10,1.21,143366,1,1,331.0
545,Dell,Notebook,Intel Core i5,4,Intel HD,Windows 10,1.93,85984,0,0,100.0
546,Lenovo,Notebook,Other Intel Processor,4,Intel HD,Windows 10,2.2,30843,0,0,141.0
547,Lenovo,Notebook,Intel Core i5,4,Intel HD,Windows 10,2.02,88763,0,0,112.0
548,HP,Workstation,Intel Core i5,8,Nvidia Quadro,Windows 10,3.14,166856,0,0,106.0
549,HP,Notebook,Other Intel Processor,8,Intel HD,Windows 10,1.94,34878,0,0,112.0
550,HP,Notebook,AMD A Series Processor,6,AMD Radeon,Windows 10,1.95,58189,0,1,141.0
551,Lenovo,Notebook,Intel Core i5,8,Intel HD,Windows 10,2.3,74418,0,0,141.0
552,Lenovo,Notebook,Intel Core i5,4,Intel HD,Windows 10,2.05,61417,0,0,141.0
553,Toshiba,Ultrabook,Intel Core i7,16,Intel HD,Windows 10,1.24,167216,1,0,157.0
554,Lenovo,Gaming,Intel Core i7,32,Nvidia GeForce,Windows 10,4.6,238765,0,1,127.0
555,MSI,Gaming,Intel Core i7,16,Nvidia GeForce,Windows 10,4.14,244682,0,0,127.0
556,Dell,Notebook,Intel Core i7,8,AMD Radeon,Chrome/Linux/Android,2.2,67156,0,0,141.0
557,Dell,Notebook,Intel Core i5,8,Intel HD,Windows 10,1.9,90424,0,0,100.0
558,HP,Notebook,Intel Core i3,4,Intel HD,Windows 10,1.49,64466,0,0,166.0
559,Dell,Notebook,Intel Core i7,16,Nvidia GeForce,Windows 10,1.93,137842,0,0,141.0
560,Dell,Netbook,Other Intel Processor,4,Intel HD,Chrome/Linux/Android,1.26,26450,0,0,135.0
561,MSI,Gaming,Intel Core i7,16,Nvidia GeForce,Windows 10,4.5,210611,0,0,127.0
562,HP,Gaming,Intel Core i7,16,Nvidia GeForce,Windows 10,3.78,134311,0,1,127.0
563,Lenovo,Ultrabook,Intel Core i7,12,Intel HD,Windows 10,1.4,150001,0,1,157.0
564,Lenovo,Notebook,Intel Core i7,12,Intel HD,Windows 10,2.2,54603,1,0,100.0
565,Asus,Gaming,Intel Core i5,8,Nvidia GeForce,Windows 10,2.73,158698,0,1,127.0
566,Asus,2 in 1 Convertible,Intel Core i5,8,Intel HD,Windows 10,2.2,66259,1,0,100.0
567,Lenovo,Notebook,AMD A Series Processor,12,AMD Radeon,Windows 10,2.2,85087,0,0,141.0
568,Dell,2 in 1 Convertible,Other Intel Processor,4,Intel HD,Windows 10,1.39,54065,1,0,135.0
569,Lenovo,Notebook,Intel Core i3,4,Intel HD,No OS,2.8,47430,0,0,127.0
570,Lenovo,Notebook,Intel Core i3,8,Intel HD,Windows 10,2.29,41154,0,0,100.0
571,Lenovo,2 in 1 Convertible,Intel Core i7,8,Intel HD,Windows 10,1.37,181562,1,1,166.0
572,Lenovo,Notebook,Intel Core i5,8,Intel HD,Windows 10,1.7,132159,0,1,157.0
573,Dell,2 in 1 Convertible,Intel Core i5,8,Intel HD,Windows 10,1.34,149732,1,0,176.0
574,Dell,Workstation,Intel Core i7,8,Nvidia Quadro,Windows 10,2.06,158071,1,0,141.0
575,HP,Notebook,Intel Core i7,8,Intel HD,Windows 10,1.84,109296,0,0,141.0
576,HP,Notebook,Intel Core i3,4,Intel HD,Windows 10,2.1,59936,0,0,100.0
577,Acer,Notebook,Other Intel Processor,4,Intel HD,Windows 10,1.6,29498,0,0,157.0
578,MSI,Gaming,Intel Core i7,16,Nvidia GeForce,Windows 10,4.14,197162,0,0,127.0
579,Dell,Notebook,Intel Core i3,4,AMD Radeon,Chrome/Linux/Android,2.18,41692,0,0,100.0
580,MSI,Gaming,Intel Core i7,16,Nvidia GeForce,Windows 10,1.8,206128,0,0,282.0
581,Toshiba,Notebook,Intel Core i7,8,Intel HD,Windows 10,2.2,125434,0,1,141.0
582,Lenovo,Notebook,Intel Core i5,6,Intel HD,Windows 10,2.4,50568,0,0,141.0
583,Lenovo,2 in 1 Convertible,Intel Core i7,8,Intel HD,Windows 10,2.0,116468,1,1,141.0
584,Acer,Notebook,Other Intel Processor,4,Intel HD,Windows 10,1.6,31291,0,0,112.0
585,Lenovo,Notebook,Other Intel Processor,32,Nvidia Quadro,Windows 10,2.5,439244,0,1,282.0
586,Dell,Gaming,Intel Core i7,16,Nvidia GeForce,Windows 10,2.59,78812,0,0,141.0
587,Dell,Notebook,Intel Core i3,4,Intel HD,Chrome/Linux/Android,2.18,39800,0,0,100.0
588,Dell,Notebook,Intel Core i3,4,Intel HD,Chrome/Linux/Android,2.25,32188,0,0,100.0
589,Dell,Notebook,Intel Core i5,4,Intel HD,Chrome/Linux/Android,1.93,77915,0,0,100.0
590,Asus,Gaming,Intel Core i7,8,Nvidia GeForce,Windows 10,3.0,104723,0,0,127.0
591,Dell,Notebook,Intel Core i5,4,AMD Radeon,Chrome/Linux/Android,2.18,51017,0,0,141.0
592,HP,Ultrabook,Intel Core i7,8,Intel HD,Windows 10,1.84,124538,0,0,141.0
593,MSI,Gaming,Intel Core i7,16,Nvidia GeForce,Windows 10,2.94,203336,0,0,141.0
594,Acer,2 in 1 Convertible,Other Intel Processor,4,Intel HD,Chrome/Linux/Android,1.25,33981,1,1,135.0
595,HP,Notebook,Intel Core i5,8,Intel HD,Windows 10,2.31,100778,0,0,112.0
596,Lenovo,Notebook,Intel Core i5,8,Intel HD,Windows 7,1.65,131352,0,0,157.0
597,Dell,Notebook,Intel Core i5,4,AMD Radeon,Windows 10,2.2,69576,0,0,141.0
598,HP,Notebook,Intel Core i5,4,Intel HD,Windows 7,1.88,83563,0,0,100.0
599,Lenovo,Notebook,Intel Core i7,8,Nvidia GeForce,Windows 10,2.2,80604,0,0,141.0
600,Lenovo,Notebook,Intel Core i5,4,Intel HD,No OS,2.2,41961,0,0,141.0
601,Asus,2 in 1 Convertible,Intel Core i5,6,Intel HD,Windows 10,1.5,57294,1,0,166.0
602,Dell,Notebook,Intel Core i7,8,Nvidia GeForce,Windows 10,2.0,163181,0,0,141.0
603,Asus,Ultrabook,Intel Core i7,16,Intel HD,Windows 10,1.1,170354,0,0,157.0
604,Dell,Gaming,Intel Core i7,16,Nvidia GeForce,Windows 10,2.62,132607,0,0,141.0
605,Lenovo,Notebook,Intel Core i5,4,Intel UHD,Windows 10,1.8,74328,0,0,141.0
606,Lenovo,Notebook,Intel Core i3,4,Nvidia GeForce,Windows 10,2.2,51913,0,0,141.0
607,Asus,Notebook,Other Intel Processor,8,Intel HD,Windows 10,2.0,35774,0,0,100.0
608,Asus,Notebook,Intel Core i5,8,Nvidia GeForce,Windows 10,1.99,81288,0,0,141.0
609,Dell,Ultrabook,Intel Core i5,8,Intel UHD,Windows 10,1.23,167575,1,0,276.0
610,Lenovo,Notebook,Other Intel Processor,2,Intel HD,Windows 10,1.42,22325,0,0,112.0
611,Lenovo,2 in 1 Convertible,Intel Core i7,8,Intel HD,Windows 10,1.37,157570,1,1,166.0
612,Dell,Notebook,Intel Core i7,16,Nvidia GeForce,Windows 10,2.06,215094,1,0,282.0
613,Lenovo,Gaming,Intel Core i7,8,Nvidia GeForce,Windows 10,2.5,99433,0,1,141.0
614,HP,Notebook,AMD A Series Processor,8,AMD Radeon,Windows 10,2.6,46704,0,0,108.0
615,Lenovo,Ultrabook,Intel Core i7,16,Intel HD,Windows 10,1.14,219667,0,1,157.0
616,Asus,Gaming,Intel Core i7,8,Nvidia GeForce,No OS,2.5,104813,0,1,141.0
617,Acer,Notebook,Intel Core i3,4,Intel HD,Windows 10,2.4,40347,0,0,100.0
618,Lenovo,Notebook,Other Intel Processor,4,Intel HD,Windows 10,1.43,24567,0,0,112.0
619,Acer,Ultrabook,Intel Core i5,8,Intel Graphics,Windows 10,1.8,82398,0,1,157.0
620,Toshiba,Notebook,Intel Core i5,8,Intel HD,Windows 10,1.2,108758,0,0,166.0
621,Lenovo,Ultrabook,Intel Core i7,8,Intel HD,Windows 10,1.36,142021,0,1,176.0
622,Asus,Gaming,Intel Core i7,32,Nvidia GeForce,Windows 10,3.8,250958,0,1,127.0
623,Acer,Gaming,Intel Core i5,8,Nvidia GeForce,Chrome/Linux/Android,2.4,63569,0,0,141.0
624,Dell,Ultrabook,Intel Core i5,8,Intel UHD,Windows 10,1.2,129998,0,0,166.0
625,MSI,Gaming,Intel Core i7,8,Nvidia GeForce,Windows 10,2.2,106857,0,0,141.0
626,HP,Notebook,Intel Core i3,4,Intel HD,No OS,1.86,32717,0,0,100.0
627,Toshiba,Notebook,Intel Core i5,8,Intel HD,Windows 10,2.0,95398,0,1,141.0
628,Dell,Notebook,Intel Core i7,8,AMD Radeon,Windows 10,2.2,82398,0,0,141.0
629,Dell,Notebook,Intel Core i7,16,AMD Radeon,Windows 10,2.2,101764,0,0,141.0
630,Lenovo,Gaming,Intel Core i7,8,Nvidia GeForce,Windows 10,3.31,107233,0,1,141.0
631,Dell,Gaming,Intel Core i7,32,Nvidia GeForce,Windows 10,4.42,282193,0,1,255.0
632,Dell,Notebook,Intel Core i5,8,Intel HD,Windows 10,1.56,110192,0,0,157.0
633,Lenovo,Notebook,Other Intel Processor,4,Intel HD,Windows 10,2.2,37568,0,0,100.0
634,Lenovo,Notebook,Intel Core i5,4,Intel HD,Windows 10,2.2,47968,0,0,141.0
635,HP,Notebook,Intel Core i3,6,AMD Radeon,Windows 10,2.04,48327,0,0,141.0
636,MSI,Gaming,Intel Core i7,8,Nvidia GeForce,Windows 10,2.7,133304,0,0,127.0
637,Toshiba,Notebook,Intel Core i3,4,Intel HD,Windows 10,2.1,44651,0,0,100.0
638,Dell,Notebook,Intel Core i5,8,Intel HD,Windows 10,2.06,85625,0,0,141.0
639,HP,Notebook,Intel Core i7,8,AMD Radeon,Windows 10,2.1,66797,0,0,141.0
640,Toshiba,Notebook,Intel Core i5,8,Intel HD,Windows 10,2.0,112792,0,1,141.0
641,Acer,Notebook,Intel Core i3,4,Intel HD,Chrome/Linux/Android,2.1,36940,0,0,100.0
642,Lenovo,Notebook,Intel Core i5,8,AMD Radeon,Windows 10,1.9,73337,0,0,141.0
643,Lenovo,2 in 1 Convertible,Intel Core i5,8,Intel HD,Windows 10,1.3,92708,1,1,166.0
644,Lenovo,Notebook,AMD E Series Processor,4,AMD Radeon,Windows 10,2.2,31291,0,0,100.0
645,HP,2 in 1 Convertible,Intel Core i3,4,Nvidia GeForce,Windows 10,1.63,62672,1,1,157.0
646,MSI,Gaming,Intel Core i7,16,Nvidia GeForce,Windows 10,2.4,116020,0,0,141.0
647,Asus,Ultrabook,Intel Core i5,8,Intel HD,Windows 10,1.1,101764,0,0,157.0
648,HP,2 in 1 Convertible,Other Intel Processor,8,Intel HD,Chrome/Linux/Android,1.4,44382,1,0,135.0
649,Acer,Gaming,Intel Core i5,16,Nvidia GeForce,Windows 10,2.5,116468,0,0,141.0
650,MSI,Gaming,Intel Core i5,8,Nvidia GeForce,Windows 10,2.2,89472,0,0,141.0
651,Asus,Notebook,Other Intel Processor,4,Intel HD,Windows 10,1.86,37568,0,0,100.0
652,Dell,Gaming,Intel Core i5,16,Nvidia GeForce,Windows 10,3.21,183893,0,0,141.0
653,HP,Notebook,Intel Core i3,4,AMD Radeon,Windows 10,2.5,62672,0,1,127.0
654,Lenovo,2 in 1 Convertible,Intel Core i7,8,Intel UHD,Windows 10,1.19,134400,1,1,166.0
655,Dell,Gaming,Intel Core i7,16,Nvidia GeForce,Windows 10,3.49,252281,0,0,141.0
656,HP,Notebook,Intel Core i5,4,AMD Radeon,Windows 10,1.86,54927,0,0,100.0
657,Dell,Notebook,Intel Core i3,4,AMD Radeon,Windows 10,2.2,48925,0,0,100.0
658,HP,Notebook,AMD A Series Processor,6,AMD Radeon,Windows 10,2.65,51017,0,1,127.0
659,Lenovo,Notebook,Other Intel Processor,4,Intel HD,Windows 10,2.1,28512,0,0,100.0
660,Acer,Notebook,Other Intel Processor,4,Intel HD,Chrome/Linux/Android,1.45,33622,0,0,112.0
661,Lenovo,Notebook,Intel Core i5,4,Intel HD,Windows 10,1.7,62672,0,0,157.0
662,HP,Workstation,Intel Core i7,8,Nvidia Quadro,Windows 10,3.14,171070,0,0,127.0
663,Lenovo,2 in 1 Convertible,Intel Core i7,8,Intel HD,Windows 10,1.42,232219,1,0,210.0
664,Toshiba,Notebook,Intel Core i5,8,Intel HD,Windows 10,1.5,87239,0,1,166.0
665,Acer,Netbook,Other Intel Processor,4,Intel HD,Windows 10,1.4,24119,0,0,135.0
666,Lenovo,2 in 1 Convertible,Intel Core i7,16,Intel HD,Windows 10,1.38,156815,1,0,157.0
667,Asus,2 in 1 Convertible,Other Intel Processor,4,Intel HD,Chrome/Linux/Android,1.2,59983,1,0,176.0
668,Toshiba,Ultrabook,Intel Core i7,16,Intel HD,Windows 10,1.36,168292,1,0,166.0
669,HP,Notebook,Intel Core i7,4,AMD Radeon,Windows 10,2.1,61776,0,1,141.0
670,Dell,Gaming,Intel Core i5,8,Nvidia GeForce,Windows 10,2.56,73432,0,0,141.0
671,Lenovo,Notebook,AMD A Series Processor,4,AMD Radeon,Windows 10,2.2,35774,0,0,141.0
672,Lenovo,Notebook,AMD A Series Processor,8,AMD Radeon,Windows 10,2.2,38464,0,0,100.0
673,Lenovo,Notebook,Intel Core i5,4,Intel HD,Windows 10,2.1,55719,0,0,141.0
674,Lenovo,Notebook,Intel Core i3,4,Intel HD,No OS,1.9,40347,0,0,100.0
675,Dell,Notebook,Intel Core i5,8,Intel HD,Windows 10,2.18,71280,0,0,141.0
676,Acer,2 in 1 Convertible,Intel Core i5,8,Intel UHD,Windows 10,1.6,89570,1,1,166.0
677,Lenovo,Workstation,Intel Core i7,16,Nvidia Quadro,Windows 7,2.18,166319,0,0,141.0
678,Lenovo,Notebook,Intel Core i5,8,Intel HD,Windows 10,1.8,106785,0,0,157.0
679,HP,Notebook,AMD A Series Processor,6,AMD Radeon,Windows 10,2.71,58728,0,1,127.0
680,Lenovo,Gaming,Intel Core i7,8,Nvidia GeForce,Windows 10,2.5,111985,0,1,141.0
681,Dell,Notebook,Intel Core i5,8,Nvidia GeForce,Chrome/Linux/Android,1.64,97640,0,0,157.0
682,Dell,Notebook,Intel Core i5,8,Intel HD,Chrome/Linux/Android,1.98,65093,0,0,141.0
683,Asus,Notebook,Other Intel Processor,4,Intel HD,Windows 10,1.5,26719,0,0,157.0
684,Dell,Notebook,Intel Core i5,16,Intel HD,Windows 10,1.93,127914,0,0,141.0
685,Lenovo,Notebook,Intel Core i5,8,Nvidia GeForce,Windows 10,1.87,76845,0,1,157.0
686,Dell,Notebook,Intel Core i5,8,Intel HD,Windows 10,1.9,105709,0,0,141.0
687,Lenovo,Notebook,AMD A Series Processor,4,AMD Radeon,Windows 10,2.19,26719,0,0,100.0
688,HP,Notebook,Intel Core i7,8,Nvidia GeForce,Windows 10,2.63,107592,0,0,127.0
689,Lenovo,Ultrabook,Intel Core i7,8,Intel HD,Windows 10,1.17,151224,0,1,210.0
690,HP,2 in 1 Convertible,Intel Core i5,8,Intel HD,Windows 10,1.58,75010,1,1,118.0
691,Lenovo,Ultrabook,Intel Core i5,8,Intel HD,Windows 10,1.32,134400,0,1,157.0
692,Dell,Gaming,Intel Core i7,32,Nvidia GeForce,Windows 10,4.36,328102,0,0,255.0
693,MSI,Gaming,Intel Core i7,8,Nvidia GeForce,Windows 10,2.7,120905,0,0,127.0
694,Lenovo,Notebook,Intel Core i5,4,Intel HD,No OS,1.9,43924,0,0,100.0
695,Dell,Notebook,Intel Core i5,8,AMD Radeon,Windows 10,2.2,64466,0,0,141.0
696,Dell,2 in 1 Convertible,Intel Core i3,4,Intel HD,Windows 10,1.71,58189,1,0,166.0
697,Dell,Notebook,Intel Core i5,8,AMD Radeon,Chrome/Linux/Android,2.32,52856,0,0,100.0
698,HP,Notebook,AMD A Series Processor,4,AMD Radeon,Windows 10,2.1,43844,0,0,141.0
699,Acer,Gaming,Intel Core i7,16,Nvidia GeForce,Windows 10,4.2,173492,0,1,127.0
700,Dell,Notebook,Intel Core i5,12,Intel HD,Windows 10,2.25,58189,0,0,100.0
701,HP,Notebook,AMD A Series Processor,6,AMD Radeon,Windows 10,2.1,58279,0,0,141.0
702,Acer,Notebook,Intel Core i5,4,Intel HD,Windows 10,2.4,50120,0,0,100.0
703,Lenovo,Notebook,Intel Core i5,8,Intel HD,Windows 10,1.44,86074,0,1,166.0
704,Lenovo,Notebook,Intel Core i7,4,Intel HD,Windows 10,1.85,69845,0,0,141.0
705,HP,Workstation,Intel Core i7,16,Nvidia Quadro,Windows 10,2.6,216888,0,0,141.0
706,Dell,2 in 1 Convertible,Intel Core i5,8,Intel UHD,Windows 10,1.55,59086,1,0,166.0
707,MSI,Gaming,Intel Core i7,16,Nvidia GeForce,Windows 10,1.8,187791,0,0,141.0
708,Acer,Notebook,Intel Core i3,4,Intel HD,Windows 10,2.4,36832,0,0,100.0
709,Dell,Notebook,Intel Core i7,8,Nvidia GeForce,Windows 10,2.0,108220,0,0,141.0
710,Dell,Notebook,Intel Core i3,8,Intel HD,Windows 10,2.0,59624,0,0,100.0
711,Toshiba,Notebook,Intel Core i5,8,Intel HD,Windows 10,1.25,137628,1,1,157.0
712,Lenovo,2 in 1 Convertible,Intel Core i5,8,Intel HD,Windows 10,1.7,89570,1,0,157.0
713,Lenovo,Workstation,Intel Core i7,16,Nvidia Quadro,Windows 10,2.5,295788,0,1,282.0
714,Acer,Notebook,Other Intel Processor,2,Intel HD,Chrome/Linux/Android,1.68,29588,0,0,112.0
715,HP,Notebook,Intel Core i3,8,Intel HD,Windows 10,1.86,48327,0,0,141.0
716,Dell,Notebook,Intel Core i5,8,Intel HD,Windows 10,1.6,101021,0,0,112.0
717,HP,Workstation,Other Intel Processor,16,Nvidia Quadro,Windows 7,3.0,393518,0,1,127.0
718,Lenovo,Netbook,Other Intel Processor,4,Intel HD,Windows 10,1.4,42588,1,0,135.0
719,HP,Notebook,Intel Core i5,8,Intel HD,Windows 10,1.84,170354,0,0,141.0
720,Asus,Notebook,Intel Core i5,4,Nvidia GeForce,No OS,2.45,51913,0,0,100.0
721,Lenovo,Ultrabook,Intel Core i5,4,Intel HD,Windows 10,1.7,98267,0,0,157.0
722,Asus,Notebook,Intel Core i7,4,Intel HD,Windows 10,2.37,76202,0,0,100.0
723,Lenovo,2 in 1 Convertible,Intel Core i5,8,Intel HD,Windows 10,1.3,107502,1,1,276.0
724,HP,Notebook,Intel Core i5,8,Nvidia GeForce,Windows 10,2.2,98536,0,1,141.0
725,HP,Workstation,Intel Core i7,8,Nvidia Quadro,Windows 7,2.59,139959,0,0,141.0
726,Dell,Gaming,Intel Core i7,16,Nvidia GeForce,Windows 10,4.42,257234,0,1,282.0
727,Acer,Notebook,Intel Core i5,4,Intel HD,Windows 10,2.1,53706,0,0,100.0
728,Lenovo,Gaming,Intel Core i7,8,Nvidia GeForce,Windows 10,2.5,93964,0,1,141.0
729,Dell,Ultrabook,Intel Core i7,16,Intel HD,Windows 10,1.18,166678,0,0,176.0
730,Asus,Ultrabook,Intel Core i5,8,Intel HD,Windows 10,1.2,101226,0,1,276.0
731,Dell,Notebook,Intel Core i3,4,Intel HD,Windows 10,1.65,76121,0,0,118.0
732,Acer,Notebook,Intel Core i5,4,Intel HD,Windows 10,1.6,58727,0,0,118.0
733,Asus,Notebook,Other Intel Processor,4,Nvidia GeForce,Windows 10,2.8,42171,0,0,91.0
734,Dell,Gaming,Intel Core i7,16,Nvidia GeForce,Windows 10,2.72,98536,1,1,282.0
735,Acer,Notebook,Other Intel Processor,4,Intel HD,Chrome/Linux/Android,2.1,26719,0,0,100.0
736,Dell,Notebook,Intel Core i7,16,AMD Radeon,Windows 10,2.3,105913,0,0,141.0
737,Toshiba,Notebook,Intel Core i5,4,Intel HD,Windows 10,1.75,91453,0,1,112.0
738,Dell,Gaming,Intel Core i7,8,Nvidia GeForce,Windows 10,2.62,98536,0,0,141.0
739,HP,Ultrabook,Intel Core i5,4,Intel HD,Windows 10,1.26,111537,0,0,125.0
740,Asus,2 in 1 Convertible,Intel Core i7,12,Nvidia GeForce,Windows 10,2.3,75225,1,0,141.0
741,Lenovo,Notebook,Intel Core i7,16,Nvidia Quadro,Windows 7,2.5,212494,0,0,282.0
742,Acer,Notebook,Intel Core i3,4,Intel HD,Windows 10,1.8,57024,0,1,157.0
743,Asus,Notebook,Other Intel Processor,8,Intel HD,Windows 10,2.0,52173,0,0,141.0
744,Dell,Gaming,Intel Core i7,32,Nvidia GeForce,Windows 10,4.42,321772,0,1,127.0
745,Asus,Gaming,Intel Core i7,16,Nvidia GeForce,Windows 10,4.3,210701,0,1,127.0
746,Toshiba,Ultrabook,Intel Core i7,16,Nvidia GeForce,Windows 10,1.47,158160,0,1,157.0
747,Lenovo,Notebook,Other Intel Processor,8,Intel HD,No OS,2.2,29498,0,0,100.0
748,Lenovo,Ultrabook,Intel Core i7,16,Intel HD,Windows 10,1.7,206128,0,0,157.0
749,MSI,Gaming,Intel Core i7,16,Nvidia GeForce,Windows 10,1.6,169547,0,1,157.0
750,MSI,Gaming,Intel Core i5,8,Nvidia GeForce,Windows 10,2.2,97640,0,0,141.0
751,Lenovo,Gaming,Intel Core i7,4,Nvidia GeForce,Windows 10,2.4,89570,0,1,141.0
752,Acer,Gaming,Intel Core i7,16,Nvidia GeForce,Windows 10,4.2,206128,0,1,127.0
753,Dell,Gaming,Intel Core i5,8,Nvidia GeForce,Windows 10,2.62,88315,0,0,141.0
754,Asus,Gaming,Intel Core i7,8,Nvidia GeForce,Windows 10,2.24,120055,0,0,141.0
755,Lenovo,2 in 1 Convertible,Intel Core i7,8,Intel HD,Windows 10,1.37,176630,1,1,166.0
756,Lenovo,2 in 1 Convertible,Intel Core i5,8,AMD Radeon,Windows 10,2.08,85984,1,0,141.0
757,Apple,Ultrabook,Other Intel Processor,8,Intel HD,Mac OS,0.92,104454,0,1,226.0
758,Lenovo,2 in 1 Convertible,Intel Core i5,8,Intel HD,Windows 10,1.42,208908,1,1,210.0
759,Asus,Notebook,Other Intel Processor,4,Intel HD,Windows 10,1.63,26808,0,0,112.0
760,Dell,Notebook,Intel Core i5,8,Intel HD,Windows 10,1.95,72625,0,0,100.0
761,Lenovo,2 in 1 Convertible,Intel Core i7,8,Intel HD,Windows 10,1.38,120951,1,1,158.0
762,Dell,Notebook,Intel Core i3,8,AMD Radeon,Windows 10,2.0,66259,0,0,141.0
763,HP,Workstation,Intel Core i7,8,Nvidia Quadro,Windows 10,3.14,185139,0,0,141.0
764,Asus,Notebook,Intel Core i5,8,Intel HD,Windows 10,2.37,98536,0,0,141.0
765,Dell,Ultrabook,Intel Core i5,8,Intel HD,Windows 10,1.29,134400,0,0,166.0
766,Dell,Notebook,Intel Core i5,8,Nvidia GeForce,Windows 10,2.06,156815,1,0,282.0
767,Dell,Netbook,Other Intel Processor,4,Intel HD,Windows 10,1.63,66707,0,0,135.0
768,HP,Netbook,Intel Core i5,8,Intel HD,Windows 10,1.26,124538,0,0,125.0
769,Toshiba,Notebook,Intel Core i5,4,Intel HD,Windows 10,2.1,69935,0,0,100.0
770,HP,Notebook,AMD A Series Processor,8,AMD Radeon,Windows 10,2.04,56396,0,0,100.0
771,Dell,Gaming,Intel Core i7,16,Nvidia GeForce,Windows 10,2.62,150539,0,0,282.0
772,Lenovo,Notebook,Intel Core i5,4,Nvidia GeForce,Windows 10,2.4,54603,0,0,141.0
773,HP,Gaming,Intel Core i7,12,AMD Radeon,Windows 10,3.74,156815,0,1,127.0
774,MSI,Gaming,Intel Core i7,16,Nvidia GeForce,Windows 10,2.9,216529,0,0,127.0
775,Dell,Notebook,Intel Core i7,8,Nvidia GeForce,Windows 10,1.98,86163,0,0,141.0
776,Dell,Notebook,Intel Core i5,8,AMD Radeon,Windows 10,2.18,70814,0,0,141.0
777,Lenovo,Ultrabook,Intel Core i7,8,Intel HD,Windows 10,1.32,166678,0,0,157.0
778,HP,Netbook,Other Intel Processor,4,Intel HD,Chrome/Linux/Android,1.23,34519,0,0,135.0
779,Dell,Gaming,Intel Core i7,16,Nvidia GeForce,Windows 10,4.36,224600,0,1,127.0
780,Dell,Notebook,Intel Core i5,4,Intel HD,Windows 10,1.76,67693,0,0,112.0
781,Lenovo,Notebook,Intel Core i3,4,Intel HD,Windows 10,2.1,43924,0,0,100.0
782,Toshiba,Ultrabook,Intel Core i5,4,Intel HD,Windows 10,1.25,97729,0,0,112.0
783,Lenovo,Ultrabook,Intel Core i7,8,Intel HD,Windows 10,1.13,224060,0,1,157.0
784,MSI,Gaming,Intel Core i5,8,Nvidia GeForce,Windows 10,2.4,107502,0,0,141.0
785,Lenovo,Ultrabook,Intel Core i5,8,Intel HD,Windows 10,1.13,168112,0,1,157.0
786,Toshiba,Notebook,Other Intel Processor,4,Intel HD,Windows 10,1.75,44740,0,0,112.0
787,Asus,2 in 1 Convertible,Intel Core i5,8,Intel HD,Windows 10,1.1,121758,1,0,166.0
788,Dell,Notebook,Intel Core i3,4,Intel HD,Windows 10,1.76,52451,0,0,112.0
789,Acer,Netbook,Other Intel Processor,4,Intel HD,Chrome/Linux/Android,1.35,31829,0,1,135.0
790,Acer,Notebook,Intel Core i3,8,Intel HD,Windows 10,1.5,55500,0,1,157.0
791,Lenovo,Ultrabook,Intel Core i7,16,Intel HD,Windows 10,1.1,188196,0,1,210.0
792,Asus,Notebook,Intel Core i5,4,Nvidia GeForce,Chrome/Linux/Android,2.1,46534,0,0,141.0
793,Lenovo,Notebook,Intel Core i5,8,Intel HD,Windows 10,1.7,106337,0,0,157.0
794,Lenovo,Notebook,Intel Core i5,8,Intel HD,Windows 10,1.32,147939,0,1,157.0
795,Dell,Gaming,Intel Core i7,16,Nvidia GeForce,Windows 10,3.21,248773,0,0,141.0
796,Asus,Gaming,Intel Core i7,16,Nvidia GeForce,Windows 10,2.9,216888,0,0,127.0
797,Toshiba,Notebook,Intel Core i3,4,Intel HD,Windows 10,2.0,59983,0,0,100.0
798,Lenovo,Notebook,Other Intel Processor,4,Intel HD,Chrome/Linux/Android,1.5,29140,0,0,112.0
799,Asus,Notebook,Intel Core i5,8,Intel HD,Windows 10,2.3,52899,0,0,141.0
800,Asus,Gaming,Intel Core i7,16,Nvidia GeForce,Windows 10,2.73,161298,0,0,127.0
801,Dell,Gaming,Intel Core i7,32,Nvidia GeForce,Windows 10,4.42,275515,0,1,127.0
802,HP,Notebook,Intel Core i5,8,Nvidia GeForce,Windows 10,2.63,81591,0,0,106.0
803,Dell,Notebook,Intel Core i5,8,Intel HD,Windows 10,2.18,64016,0,0,100.0
804,HP,Ultrabook,Intel Core i7,8,Intel HD,Windows 7,1.54,167664,0,0,157.0
805,Dell,Notebook,Intel Core i7,4,AMD Radeon,Windows 10,2.18,66259,0,0,141.0
806,HP,2 in 1 Convertible,Other Intel Processor,4,Intel HD,Chrome/Linux/Android,1.4,55141,1,0,135.0
807,Asus,Ultrabook,Intel Core i5,8,Nvidia GeForce,Windows 10,1.45,91991,0,1,166.0
808,HP,2 in 1 Convertible,Intel Core i5,8,Intel HD,Windows 10,1.28,204156,1,0,166.0
809,HP,Ultrabook,Intel Core i7,8,Intel HD,Windows 10,1.54,131621,0,0,157.0
810,HP,Notebook,Other Intel Processor,4,Intel HD,No OS,1.86,26808,0,0,100.0
811,Asus,Gaming,Intel Core i7,16,Nvidia GeForce,Windows 10,2.1,170264,0,0,141.0
812,Dell,Notebook,Intel Core i7,8,AMD Radeon,Chrome/Linux/Android,2.83,77556,0,0,127.0
813,Lenovo,Ultrabook,Intel Core i7,8,Nvidia GeForce,Windows 10,1.96,170623,0,1,157.0
814,Asus,Notebook,Intel Core i7,8,Nvidia GeForce,Windows 10,2.3,70562,0,1,141.0
815,Dell,Notebook,Intel Core i5,8,Intel HD,Windows 10,1.9,84729,0,0,141.0
816,Asus,Notebook,Other Intel Processor,4,Intel HD,Windows 10,2.0,40257,0,0,100.0
817,HP,2 in 1 Convertible,Intel Core i7,8,Intel HD,Windows 10,1.28,229440,1,0,166.0
818,Dell,Notebook,Intel Core i5,8,Intel HD,Windows 10,1.62,58189,1,0,166.0
819,Lenovo,Notebook,Intel Core i3,4,Intel HD,No OS,2.2,42051,0,0,141.0
820,Lenovo,Notebook,Intel Core i5,8,Intel HD,Windows 10,2.3,76270,0,1,141.0
821,HP,Notebook,Intel Core i5,8,AMD Radeon,Windows 10,1.84,120951,0,0,141.0
822,Toshiba,Notebook,Intel Core i5,4,Intel HD,Windows 10,1.05,115213,0,0,166.0
823,Lenovo,Gaming,Intel Core i5,8,Nvidia GeForce,No OS,2.5,91184,0,1,141.0
824,Dell,Ultrabook,Intel Core i7,16,Intel Iris,Windows 10,1.29,200838,1,0,276.0
825,HP,Notebook,Intel Core i5,4,Intel HD,Windows 10,2.07,81591,0,0,141.0
826,Toshiba,Ultrabook,Intel Core i5,8,Intel HD,Windows 10,1.2,98178,0,0,118.0
827,Lenovo,2 in 1 Convertible,Intel Core i7,8,Intel HD,Windows 10,1.37,174837,1,1,166.0
828,Acer,Notebook,Intel Core i5,8,Intel HD,Windows 10,1.56,80873,0,1,157.0
829,Dell,Workstation,Intel Core i7,8,Nvidia Quadro,Windows 10,2.23,159415,0,0,141.0
830,Lenovo,Notebook,Intel Core i5,4,Intel HD,Windows 10,2.38,94591,0,0,100.0
831,Lenovo,Notebook,Intel Core i3,4,AMD Radeon,No OS,2.2,42947,0,0,141.0
832,Toshiba,Notebook,Intel Core i7,8,Intel HD,Windows 10,2.0,124448,0,1,141.0
833,Lenovo,Notebook,Intel Core i3,4,Intel HD,Windows 10,1.44,65900,0,1,166.0
834,Dell,Ultrabook,Intel Core i7,8,Intel HD,Windows 10,1.6,151525,0,0,176.0
835,Asus,Notebook,Other Intel Processor,4,Intel HD,Chrome/Linux/Android,2.0,35773,0,0,100.0
836,Dell,Notebook,Intel Core i5,4,Nvidia GeForce,Windows 10,2.18,81815,0,0,141.0
837,HP,Notebook,Intel Core i5,4,Intel HD,Windows 10,2.04,75225,0,0,141.0
838,HP,2 in 1 Convertible,Intel Core i5,4,Intel HD,Windows 10,1.28,152422,1,0,166.0
839,HP,2 in 1 Convertible,Intel Core i5,4,Intel HD,Windows 10,2.3,61399,1,0,100.0
840,Asus,Notebook,Other Intel Processor,4,Intel HD,Windows 10,1.65,31202,0,0,111.0
841,Lenovo,Notebook,Intel Core i7,8,Nvidia GeForce,Windows 10,2.2,59983,0,1,141.0
842,Dell,Notebook,Other Intel Processor,4,Intel HD,Windows 10,2.2,33085,0,0,100.0
843,HP,2 in 1 Convertible,Intel Core i5,4,Intel HD,Windows 10,1.28,161298,1,0,166.0
844,Dell,Notebook,Intel Core i3,4,AMD Radeon,Chrome/Linux/Android,2.18,40858,0,0,100.0
845,Asus,Gaming,Intel Core i5,12,Nvidia GeForce,Windows 10,2.2,122825,0,0,127.0
846,Acer,Netbook,Other Intel Processor,4,Intel HD,Chrome/Linux/Android,1.25,26629,0,1,135.0
847,Lenovo,Notebook,AMD A Series Processor,4,AMD Radeon,Windows 10,2.8,33981,0,0,106.0
848,HP,Notebook,Intel Core i5,4,Intel HD,Windows 10,1.95,113420,0,0,157.0
849,HP,2 in 1 Convertible,Intel Core i7,16,Intel HD,Windows 10,1.42,125434,1,0,276.0
850,Lenovo,Ultrabook,Intel Core i5,8,Intel HD,Windows 10,1.32,161298,0,1,157.0
851,MSI,Gaming,Intel Core i7,16,Nvidia GeForce,Windows 10,2.43,237509,0,1,255.0
852,Toshiba,Notebook,Intel Core i5,8,Intel HD,Windows 10,1.05,132248,0,0,166.0
853,Dell,Gaming,Intel Core i7,8,Nvidia GeForce,Chrome/Linux/Android,2.62,83294,0,0,141.0
854,HP,Notebook,Intel Core i7,8,Nvidia GeForce,Windows 10,2.04,80694,0,0,141.0
855,Dell,Notebook,Intel Core i3,4,AMD Radeon,Windows 10,2.18,55051,0,0,100.0
856,Dell,Notebook,Intel Core i5,8,Intel HD,Windows 10,1.9,83832,0,0,141.0
857,Dell,2 in 1 Convertible,Intel Core i7,8,Intel HD,Windows 10,1.24,180495,1,0,276.0
858,Asus,Gaming,Intel Core i7,32,Nvidia GeForce,Windows 10,3.58,114675,0,1,127.0
859,Dell,2 in 1 Convertible,Intel Core i7,16,Intel HD,Windows 10,1.22,147849,1,0,166.0
860,Lenovo,Ultrabook,Intel Core i7,8,Intel HD,Windows 10,1.13,183713,0,1,157.0
861,Lenovo,Notebook,Intel Core i5,8,Intel HD,Windows 10,1.95,176002,0,1,141.0
862,HP,Netbook,Intel Core i7,8,Intel HD,Windows 10,1.26,132966,0,0,176.0
863,Acer,Notebook,Other Intel Processor,4,Intel HD,Chrome/Linux/Android,2.2,32188,0,1,141.0
864,Lenovo,Notebook,Intel Core i5,8,Nvidia GeForce,Windows 10,2.6,70742,0,1,141.0
865,Dell,Notebook,Intel Core i5,8,Intel HD,Windows 10,1.6,108040,0,0,157.0
866,HP,Ultrabook,Other Intel Processor,8,Intel HD,Windows 10,1.09,277946,1,0,352.0
867,Lenovo,Notebook,Intel Core i7,6,Nvidia GeForce,Windows 10,2.2,70742,0,0,141.0
868,HP,Notebook,Intel Core i7,8,Nvidia GeForce,Windows 10,2.04,91363,0,0,141.0
869,Acer,Notebook,Intel Core i3,4,Intel HD,Windows 10,2.4,44740,0,0,141.0
870,Lenovo,Notebook,Intel Core i5,4,Intel HD,Windows 10,1.44,78990,0,0,166.0
871,HP,Notebook,Intel Core i5,8,Intel HD,Windows 10,1.49,86074,0,0,166.0
872,MSI,Gaming,Intel Core i7,16,Nvidia GeForce,Windows 10,2.7,143366,0,0,127.0
873,Dell,Gaming,Intel Core i7,16,Nvidia GeForce,Windows 10,2.6,120951,0,0,141.0
874,MSI,Gaming,Intel Core i5,8,Nvidia GeForce,Windows 10,2.2,100411,0,0,141.0
875,Dell,Notebook,Intel Core i5,4,AMD Radeon,Windows 10,2.18,61416,0,0,100.0
876,HP,Ultrabook,Intel Core i7,8,AMD Radeon,Windows 10,1.84,116288,0,0,141.0
877,HP,Ultrabook,Intel Core i7,8,Intel HD,Windows 10,1.39,103019,1,0,276.0
878,Toshiba,Notebook,Intel Core i7,16,Nvidia GeForce,Windows 10,2.4,177078,0,1,141.0
879,Lenovo,2 in 1 Convertible,Intel Core i5,8,Intel HD,Windows 10,1.37,163630,1,1,166.0
880,Dell,Notebook,Intel Core i5,4,Intel HD,Windows 10,1.95,65443,0,0,100.0
881,Lenovo,Ultrabook,Intel Core i7,8,Intel HD,Windows 10,1.36,147939,0,1,176.0
882,HP,Notebook,Intel Core i5,8,Intel HD,Windows 10,2.31,104454,0,0,141.0
883,Dell,Notebook,Intel Core i5,4,Intel HD,Windows 10,2.18,63485,0,0,100.0
884,HP,Notebook,Intel Core i5,4,Intel HD,Windows 10,1.95,103019,0,0,112.0
885,Lenovo,Notebook,Other Intel Processor,4,Intel HD,Windows 10,2.2,27705,0,0,100.0
886,HP,Ultrabook,Intel Core i5,4,Intel HD,Windows 10,1.26,141573,0,0,176.0
887,HP,Notebook,Other Intel Processor,4,Intel HD,No OS,1.86,25903,0,0,100.0
888,Lenovo,2 in 1 Convertible,Intel Core i7,16,Intel Iris,Windows 10,1.3,161298,1,1,276.0
889,Toshiba,Notebook,Intel Core i5,4,Intel HD,Windows 10,1.47,99074,0,1,157.0
890,HP,Netbook,Intel Core i5,8,Intel HD,Windows 10,1.26,149643,0,0,176.0
891,Dell,Notebook,Intel Core i3,4,Intel HD,Windows 10,2.18,50084,0,0,100.0
892,MSI,Gaming,Intel Core i7,8,Nvidia GeForce,Windows 10,2.2,107502,0,0,141.0
893,Dell,Ultrabook,Intel Core i5,8,Intel HD,Windows 10,1.36,146953,0,0,157.0
894,Dell,Gaming,Intel Core i7,16,Nvidia GeForce,Windows 10,4.36,247282,0,0,170.0
895,HP,Gaming,Intel Core i5,8,Nvidia GeForce,Windows 10,2.75,125434,0,1,127.0
896,Asus,Notebook,Other Intel Processor,4,Nvidia GeForce,Windows 10,2.8,47520,0,0,106.0
897,Acer,Notebook,Intel Core i5,4,Intel HD,Windows 10,2.23,55500,0,0,100.0
898,Toshiba,Notebook,Intel Core i5,8,Intel HD,Windows 10,2.2,100330,0,0,100.0
899,Lenovo,2 in 1 Convertible,Other Intel Processor,8,Intel HD,Windows 10,1.1,116468,1,1,195.0
900,Lenovo,Gaming,AMD F Series Processor,16,AMD Radeon,Windows 10,2.5,89570,0,1,141.0
901,Dell,Ultrabook,Intel Core i5,8,Intel HD,Windows 10,1.36,131997,1,0,176.0
902,Lenovo,Notebook,Intel Core i7,8,Nvidia GeForce,No OS,2.2,61417,0,0,141.0
903,Dell,Notebook,Intel Core i3,4,AMD Radeon,Windows 10,2.36,59086,0,0,106.0
904,Acer,Notebook,Other Intel Processor,4,Intel HD,Chrome/Linux/Android,1.68,31291,0,0,112.0
905,HP,Workstation,Intel Core i7,8,Nvidia Quadro,Windows 10,2.0,201645,0,1,141.0
906,Dell,Ultrabook,Intel Core i7,8,Intel HD,Windows 10,1.36,159146,0,0,157.0
907,Toshiba,Notebook,Intel Core i5,8,Intel HD,Windows 7,1.2,130904,0,0,166.0
908,Asus,2 in 1 Convertible,Other Intel Processor,8,Intel HD,Chrome/Linux/Android,1.2,103916,0,0,176.0
909,Lenovo,Ultrabook,Intel Core i7,8,Intel HD,Windows 10,1.7,133503,0,1,157.0
910,Dell,Gaming,Intel Core i7,16,Nvidia GeForce,Windows 10,4.36,282788,0,1,255.0
911,Dell,2 in 1 Convertible,Intel Core i5,8,Intel HD,Windows 10,1.24,170264,1,0,166.0
912,HP,2 in 1 Convertible,Other Intel Processor,4,Intel HD,Windows 10,1.45,69486,1,0,135.0
913,Dell,Ultrabook,Intel Core i7,8,Intel HD,Windows 10,1.3,113689,0,0,276.0
914,Acer,2 in 1 Convertible,Other Intel Processor,4,Intel HD,Chrome/Linux/Android,1.25,34878,1,1,135.0
915,Toshiba,Notebook,Intel Core i5,8,Intel HD,Windows 10,1.2,137628,0,0,166.0
916,Lenovo,Ultrabook,Intel Core i5,8,Intel HD,Windows 10,1.36,157802,0,1,176.0
917,Acer,Notebook,Intel Core i5,12,Nvidia GeForce,Windows 10,2.4,90467,0,0,141.0
918,Toshiba,Ultrabook,Intel Core i7,8,Intel HD,Windows 10,1.1,160491,1,0,176.0
919,HP,Notebook,Intel Core i5,8,Nvidia GeForce,Windows 10,2.04,75897,0,0,100.0
920,Dell,Notebook,Intel Core i3,4,AMD Radeon,Chrome/Linux/Android,2.25,41747,0,0,100.0
921,Dell,Notebook,Intel Core i5,4,Intel HD,Windows 10,1.9,73970,0,0,100.0
922,HP,Notebook,Intel Core i3,4,Intel HD,Windows 10,2.04,61417,0,0,141.0
923,Dell,Gaming,Intel Core i7,32,Nvidia GeForce,Windows 10,4.42,282339,0,1,127.0
924,Lenovo,Notebook,Intel Core i5,6,Nvidia GeForce,Windows 10,2.4,62314,0,0,141.0
925,Dell,2 in 1 Convertible,Intel Core i7,16,Intel HD,Windows 10,1.22,170264,1,0,276.0
926,Dell,Ultrabook,Intel Core i7,8,Intel HD,Windows 10,1.5,176001,1,0,210.0
927,Dell,Gaming,Intel Core i7,32,Nvidia GeForce,Windows 10,4.42,251048,0,0,127.0
928,Toshiba,Notebook,Intel Core i5,8,Intel HD,Windows 10,1.95,105799,0,0,157.0
929,Asus,Gaming,Intel Core i7,16,Nvidia GeForce,Windows 10,2.73,183794,0,0,127.0
930,HP,Notebook,Intel Core i5,8,Nvidia GeForce,Windows 10,2.04,87777,0,1,141.0
931,Lenovo,Notebook,Intel Core i5,4,Intel HD,Windows 7,1.7,89839,0,0,112.0
932,Asus,2 in 1 Convertible,Intel Core i7,16,Nvidia GeForce,Windows 10,2.3,161298,1,0,282.0
933,HP,Notebook,Intel Core i7,6,Intel HD,Windows 10,2.04,51913,0,0,100.0
934,Asus,Gaming,Intel Core i7,16,Nvidia GeForce,Windows 10,2.99,156815,0,0,127.0
935,Dell,2 in 1 Convertible,Intel Core i7,12,Intel HD,Windows 10,2.19,116468,1,1,141.0
936,Toshiba,Notebook,Intel Core i5,4,Intel HD,Windows 7,1.2,107144,0,0,166.0
937,Lenovo,Notebook,AMD A Series Processor,6,AMD Radeon,Windows 10,2.2,49223,0,0,141.0
938,Toshiba,Notebook,Intel Core i5,4,Intel HD,Windows 10,1.75,82039,0,0,112.0
939,Dell,Notebook,Intel Core i5,4,AMD Radeon,Windows 10,2.25,53706,0,0,100.0
940,HP,Notebook,Intel Core i5,8,Intel HD,Windows 10,2.04,72266,0,0,141.0
941,Lenovo,Gaming,Intel Core i7,8,Nvidia GeForce,Windows 10,2.5,106606,0,1,141.0
942,Dell,Notebook,Intel Core i7,8,AMD Radeon,Windows 10,2.36,67155,0,0,100.0
943,Dell,Notebook,Intel Core i5,8,Intel HD,Windows 10,1.6,100330,0,0,157.0
944,HP,Netbook,Other Intel Processor,8,Intel HD,Windows 10,0.97,171071,0,0,176.0
945,HP,Notebook,Intel Core i3,4,AMD Radeon,Windows 10,2.1,44740,0,0,141.0
946,Lenovo,Notebook,Other Intel Processor,4,Intel HD,No OS,1.9,24264,0,0,100.0
947,Lenovo,Notebook,Intel Core i5,8,Intel HD,Windows 10,2.3,120951,0,0,141.0
948,Dell,2 in 1 Convertible,Intel Core i5,8,Intel HD,Windows 10,1.68,79708,1,0,166.0
949,Asus,Notebook,Intel Core i5,8,Intel HD,Windows 10,1.4,103109,0,0,276.0
950,HP,Ultrabook,Intel Core i7,8,Intel HD,Windows 10,1.11,120951,1,1,166.0
951,Acer,Notebook,Other Intel Processor,4,Intel HD,Windows 10,2.4,34071,0,0,100.0
952,Asus,Gaming,Intel Core i7,16,Nvidia GeForce,Windows 10,2.5,161298,0,0,141.0
953,HP,Ultrabook,Intel Core i7,8,Intel HD,Windows 10,1.48,187300,0,0,157.0
954,Acer,Gaming,Intel Core i7,8,Nvidia GeForce,Windows 10,2.7,112972,0,1,141.0
955,HP,Notebook,Intel Core i5,8,Intel HD,Windows 10,1.34,106606,0,1,166.0
956,Dell,Notebook,Intel Core i3,4,Intel HD,Windows 10,2.18,49044,0,0,100.0
957,HP,Notebook,Intel Core i5,4,Intel HD,Windows 10,1.64,69845,0,0,112.0
958,Toshiba,Notebook,Intel Core i5,4,Intel HD,Windows 10,1.2,107144,0,0,166.0
959,HP,Notebook,Intel Core i5,4,Intel HD,Windows 10,1.48,98625,0,0,112.0
960,HP,Notebook,Intel Core i5,4,Intel HD,Windows 10,1.95,108040,0,0,157.0
961,HP,Ultrabook,Intel Core i7,8,Intel HD,Windows 7,1.43,129917,0,0,157.0
962,HP,Notebook,Intel Core i5,8,Nvidia GeForce,Windows 10,1.64,94077,0,0,157.0
963,HP,Notebook,Intel Core i3,4,Intel HD,Windows 10,1.64,61327,0,0,112.0
964,Dell,Gaming,Intel Core i5,8,Nvidia GeForce,Windows 10,2.65,85087,0,0,141.0
965,HP,Ultrabook,Intel Core i5,4,Intel HD,Windows 10,1.26,137987,0,0,176.0
966,HP,Notebook,Intel Core i5,4,Intel HD,Windows 10,1.48,142559,0,0,157.0
967,HP,Ultrabook,Intel Core i7,8,Intel HD,Windows 10,1.54,169207,0,0,157.0
968,HP,Notebook,Intel Core i3,4,Intel HD,Windows 10,1.49,71728,0,0,118.0
969,Toshiba,Notebook,Intel Core i5,8,Intel HD,Windows 10,1.5,108489,0,0,118.0
970,HP,Notebook,Intel Core i3,4,Intel HD,Windows 10,2.04,69037,0,0,100.0
971,Lenovo,Notebook,Intel Core i7,16,Nvidia Quadro,Windows 7,2.4,266111,0,1,255.0
972,Toshiba,Notebook,Intel Core i5,8,Intel HD,Windows 10,1.47,133593,0,1,157.0
973,HP,Notebook,Intel Core i7,8,Intel HD,Windows 10,1.43,199852,0,0,157.0
974,Dell,2 in 1 Convertible,Intel Core i3,4,Intel HD,Windows 10,2.08,71368,1,1,141.0
975,Toshiba,Ultrabook,Intel Core i5,8,Intel HD,Windows 10,1.2,142559,0,0,166.0
976,HP,Notebook,Intel Core i5,8,Intel HD,Windows 10,1.11,103019,0,1,166.0
977,HP,Notebook,Intel Core i7,8,Nvidia GeForce,Windows 10,1.64,106286,0,0,157.0
978,Dell,Notebook,Intel Core i5,8,Intel HD,Windows 10,2.09,93824,0,0,141.0
979,HP,Ultrabook,Intel Core i5,4,Intel HD,Windows 10,1.26,139780,0,0,125.0
980,HP,Notebook,Intel Core i5,4,Intel HD,Windows 10,2.31,106606,0,0,112.0
981,HP,Notebook,Intel Core i5,4,Intel HD,Windows 10,1.95,95040,0,0,112.0
982,Dell,Ultrabook,Intel Core i5,8,Intel HD,Windows 10,1.29,145608,1,0,276.0
983,HP,Notebook,Intel Core i5,8,Nvidia GeForce,Windows 10,2.63,96833,0,0,127.0
984,HP,Notebook,Intel Core i5,4,Intel HD,Windows 10,1.64,87239,0,0,112.0
985,Acer,Notebook,AMD A Series Processor,6,AMD Radeon,Windows 10,2.1,36671,0,0,100.0
986,MSI,Gaming,Intel Core i7,8,Nvidia GeForce,Windows 10,2.7,106857,0,0,127.0
987,HP,Notebook,Intel Core i5,8,Intel HD,Windows 7,1.95,107144,0,0,157.0
988,HP,Notebook,Intel Core i7,8,Intel HD,Windows 10,1.84,110191,0,0,141.0
989,HP,Ultrabook,Intel Core i7,8,Intel HD,Windows 10,1.26,120951,0,0,176.0
990,HP,Notebook,Intel Core i5,4,Intel HD,Windows 10,2.04,66528,0,0,100.0
991,Toshiba,Ultrabook,Intel Core i7,8,Intel HD,Windows 10,1.47,154664,0,1,157.0
992,Dell,Notebook,Intel Core i5,8,Intel HD,Windows 7,2.09,95304,0,0,141.0
993,HP,Notebook,Intel Core i5,8,Intel HD,Windows 10,1.64,90602,0,0,157.0
994,Lenovo,2 in 1 Convertible,Intel Core i7,4,Intel HD,Windows 10,1.8,75942,1,1,141.0
995,Toshiba,Notebook,Intel Core i7,16,Nvidia GeForce,Windows 10,2.4,127766,0,1,141.0
996,Lenovo,Notebook,Intel Core i5,8,Intel HD,Windows 10,2.3,94107,0,0,141.0
997,HP,Notebook,Intel Core i5,4,Intel HD,Windows 10,1.54,89660,0,0,157.0
998,HP,Notebook,Intel Core i5,8,Intel HD,Windows 10,1.84,188585,0,0,141.0
999,HP,Notebook,Intel Core i5,8,Intel HD,Windows 7,1.43,131711,0,0,157.0
1000,MSI,Gaming,Intel Core i7,16,Nvidia GeForce,Windows 10,3.78,138582,0,1,127.0
1001,Lenovo,Gaming,Intel Core i7,16,Nvidia GeForce,Windows 10,4.6,205321,0,1,127.0
1002,Asus,Netbook,Other Intel Processor,4,Intel HD,Chrome/Linux/Android,1.2,25813,0,0,135.0
1003,Lenovo,Notebook,Intel Core i7,16,Intel HD,Windows 7,1.1,234909,0,1,210.0
1004,HP,Notebook,Intel Core i7,8,Nvidia GeForce,Windows 10,1.91,87777,0,1,141.0
1005,Dell,2 in 1 Convertible,Intel Core i5,8,Intel HD,Windows 10,2.3,98088,1,1,141.0
1006,HP,Notebook,Intel Core i5,4,Intel HD,Windows 10,2.04,87777,0,0,100.0
1007,Dell,Ultrabook,Intel Core i7,16,Intel HD,Windows 10,1.2,202094,1,0,276.0
1008,HP,Notebook,Intel Core i3,4,Intel HD,Windows 10,2.31,63224,0,0,100.0
1009,HP,Notebook,Intel Core i5,4,Intel HD,No OS,1.96,44740,0,0,100.0
1010,Acer,Notebook,AMD A Series Processor,8,AMD Radeon,Windows 10,2.4,40257,0,0,100.0
1011,Dell,2 in 1 Convertible,Intel Core i7,12,Intel HD,Windows 10,1.6,116468,1,1,166.0
1012,MSI,Gaming,Intel Core i7,16,Nvidia GeForce,Windows 10,2.94,163092,0,0,141.0
1013,HP,Notebook,Intel Core i7,8,Intel HD,Windows 10,2.04,95936,0,0,141.0
1014,Asus,Gaming,Intel Core i7,16,Nvidia GeForce,No OS,4.0,89481,0,1,127.0
1015,Dell,Notebook,Intel Core i5,4,Intel HD,Windows 10,2.25,50120,0,0,141.0
1016,Dell,Notebook,Intel Core i7,16,AMD Radeon,Windows 10,2.32,88763,0,0,141.0
1017,MSI,Gaming,Intel Core i7,16,Nvidia GeForce,Windows 10,1.8,172954,0,0,141.0
1018,Dell,Ultrabook,Intel Core i7,8,Intel HD,Windows 10,1.29,130724,0,0,166.0
1019,Asus,Gaming,Intel Core i7,64,Nvidia GeForce,Windows 10,3.58,356398,0,1,127.0
1020,Dell,2 in 1 Convertible,Intel Core i7,8,Intel HD,Windows 10,1.62,71550,1,0,166.0
1021,Dell,Gaming,Intel Core i7,16,Nvidia GeForce,Windows 10,3.21,119158,0,0,282.0
1022,Apple,Ultrabook,Other Intel Processor,8,Intel HD,Mac OS,0.92,116558,0,1,226.0
1023,Dell,Notebook,Intel Core i3,4,Intel HD,Windows 10,2.06,43214,0,0,100.0
1024,HP,Notebook,Intel Core i5,4,Intel HD,Windows 10,2.31,107502,0,0,100.0
1025,HP,Ultrabook,Intel Core i5,8,Intel HD,Windows 7,1.26,107502,0,0,176.0
1026,HP,Notebook,Intel Core i7,8,Intel HD,Windows 10,1.49,97729,0,0,166.0
1027,Lenovo,Ultrabook,Intel Core i7,8,Intel HD,Windows 10,1.3,153632,1,1,176.0
1028,Lenovo,Notebook,Intel Core i5,8,AMD Radeon,Windows 10,3.0,59086,0,0,106.0
1029,Lenovo,Notebook,Intel Core i5,4,Nvidia GeForce,Windows 10,2.3,87598,0,1,141.0
1030,MSI,Gaming,Intel Core i7,16,Nvidia GeForce,Windows 10,3.78,224060,0,0,127.0
1031,Lenovo,Notebook,Intel Core i5,4,Intel HD,Windows 10,2.1,48416,0,0,100.0
1032,HP,Notebook,Intel Core i5,4,Intel HD,Windows 7,2.31,84280,0,0,141.0
1033,Lenovo,Ultrabook,Other Intel Processor,8,Intel HD,Windows 10,0.99,125434,1,1,235.0
1034,Lenovo,Gaming,Intel Core i7,32,Nvidia GeForce,Windows 10,4.6,290498,0,1,127.0
1035,Lenovo,2 in 1 Convertible,Other Intel Processor,4,Intel HD,Windows 10,0.69,57945,1,1,224.0
1036,HP,Ultrabook,Intel Core i7,16,Intel HD,Windows 10,1.3,183713,0,1,331.0
1037,Dell,Notebook,Intel Core i5,8,Intel HD,Windows 10,2.18,67245,0,0,141.0
1038,HP,Notebook,Intel Core i5,4,Intel HD,Windows 7,1.54,92439,0,0,157.0
1039,HP,Workstation,Intel Core i7,8,AMD FirePro,Windows 7,1.9,134042,0,0,141.0
1040,Lenovo,Notebook,Intel Core i5,8,Intel HD,Windows 7,1.7,107502,0,0,157.0
1041,HP,Notebook,Other Intel Processor,4,Intel HD,Chrome/Linux/Android,1.29,55141,0,0,276.0
1042,Acer,Notebook,AMD A Series Processor,4,AMD Radeon,Windows 10,2.4,34698,0,0,100.0
1043,Dell,Notebook,Other Intel Processor,4,Intel HD,Chrome/Linux/Android,2.2,35280,0,0,100.0
1044,HP,Notebook,Intel Core i3,4,Intel HD,No OS,1.86,31021,0,0,100.0
1045,Asus,Gaming,Intel Core i7,8,Nvidia GeForce,Windows 10,2.7,143366,0,1,127.0
1046,Dell,Ultrabook,Intel Core i5,4,AMD Radeon,Windows 10,1.4,73373,0,1,166.0
1047,HP,Netbook,Intel Core i5,4,Intel HD,Windows 7,2.4,143366,0,0,125.0
1048,Acer,Notebook,Intel Core i5,8,Nvidia GeForce,Windows 10,2.4,71638,0,0,141.0
1049,Dell,Notebook,Intel Core i5,8,AMD Radeon,Windows 10,2.36,57275,0,0,141.0
1050,MSI,Gaming,Intel Core i7,8,Nvidia GeForce,Windows 10,2.6,143366,0,0,127.0
1051,HP,Notebook,Other Intel Processor,4,Intel HD,Windows 10,1.96,44830,0,0,100.0
1052,Asus,Gaming,Intel Core i7,16,Nvidia GeForce,Windows 10,4.3,206128,0,1,127.0
1053,Dell,Ultrabook,Intel Core i3,4,Intel HD,Windows 7,1.5,101778,0,0,125.0
1054,Dell,Ultrabook,Intel Core i3,4,Intel HD,Windows 7,1.5,104631,0,0,125.0
1055,Acer,Notebook,Other Intel Processor,4,Intel HD,Chrome/Linux/Android,2.2,18739,0,0,100.0
1056,HP,Workstation,Intel Core i7,8,AMD FirePro,Windows 7,3.0,259924,0,1,127.0
1057,Lenovo,Gaming,Intel Core i7,16,Nvidia GeForce,Windows 10,2.4,107502,0,0,141.0
1058,Dell,Ultrabook,Intel Core i5,8,Intel HD,Windows 7,1.5,126699,0,0,125.0
1059,MSI,Gaming,Intel Core i7,8,Nvidia GeForce,Windows 10,2.9,135493,0,0,127.0
1060,Lenovo,2 in 1 Convertible,Intel Core i5,4,Intel HD,Windows 10,2.1,77735,1,1,141.0
1061,HP,Notebook,AMD A Series Processor,4,AMD Radeon,Windows 10,2.1,35685,0,0,141.0
1062,Asus,Gaming,Intel Core i7,16,Nvidia GeForce,Windows 10,2.59,120055,0,1,141.0
1063,HP,Notebook,Other Intel Processor,8,Intel HD,Windows 10,1.16,152332,1,0,276.0
1064,Dell,Notebook,Intel Core i5,4,AMD Radeon,Windows 7,2.24,68962,0,0,100.0
1065,Lenovo,Notebook,Intel Core i3,4,Intel HD,Windows 10,2.1,38464,0,0,100.0
1066,HP,Ultrabook,Intel Core i7,8,Intel HD,Windows 10,1.16,176541,0,0,166.0
1067,Lenovo,2 in 1 Convertible,Other Intel Processor,4,Intel HD,Chrome/Linux/Android,0.69,49223,1,1,224.0
1068,Dell,Ultrabook,Intel Core i7,8,Intel Iris,Windows 10,1.23,123641,0,0,166.0
1069,Lenovo,Gaming,Intel Core i7,16,Nvidia GeForce,Windows 10,4.6,246564,0,1,127.0
1070,Toshiba,Ultrabook,Intel Core i7,16,Intel HD,Windows 10,1.05,199583,0,0,166.0
1071,Asus,Gaming,Intel Core i7,8,Nvidia GeForce,Windows 10,3.52,117678,0,0,127.0
1072,HP,Notebook,Intel Core i5,8,Intel HD,Windows 10,1.16,151525,0,0,166.0
1073,HP,Notebook,Intel Core i5,8,Intel HD,Windows 7,1.43,135656,0,0,157.0
1074,Dell,Notebook,Intel Core i5,4,Intel HD,Chrome/Linux/Android,2.09,46949,0,0,100.0
1075,Asus,Notebook,Intel Core i3,4,Intel HD,Windows 10,2.0,39002,0,0,100.0
1076,Lenovo,2 in 1 Convertible,Intel Core i7,8,Intel HD,Windows 10,1.8,149643,1,1,157.0
1077,Lenovo,2 in 1 Convertible,Other Intel Processor,4,Intel HD,Windows 10,0.69,42947,1,1,224.0
1078,HP,Ultrabook,Intel Core i5,8,Intel HD,Windows 7,1.26,169906,0,0,125.0
1079,Lenovo,Gaming,Intel Core i5,8,Nvidia GeForce,No OS,2.4,88674,0,1,141.0
1080,HP,Gaming,Intel Core i5,8,Nvidia GeForce,Windows 10,3.35,101226,0,1,127.0
1081,HP,Notebook,Intel Core i7,8,Intel HD,Windows 10,2.04,56396,0,0,100.0
1082,Lenovo,2 in 1 Convertible,Intel Core i7,8,Nvidia Quadro,Windows 7,1.8,183837,1,1,157.0
1083,Asus,Notebook,Other Intel Processor,4,Intel HD,Windows 10,1.5,24925,0,0,112.0
1084,HP,Ultrabook,Intel Core i7,8,Intel HD,Windows 10,1.84,67424,0,0,141.0
1085,Acer,Notebook,Intel Core i5,4,Nvidia GeForce,Windows 10,2.23,55231,0,0,141.0
1086,Lenovo,Notebook,Intel Core i7,16,AMD Radeon,Windows 10,2.5,98536,0,0,141.0
1087,HP,Workstation,Intel Core i7,8,Nvidia Quadro,Windows 7,3.0,354103,0,1,127.0
1088,Dell,Notebook,Intel Core i5,8,AMD Radeon,Windows 10,2.5,70293,0,0,100.0
1089,MSI,Gaming,Intel Core i7,16,Nvidia GeForce,Windows 10,3.78,215094,0,0,127.0
1090,HP,Ultrabook,Intel Core i7,8,Intel HD,Windows 7,1.88,194716,0,0,141.0
1091,Lenovo,2 in 1 Convertible,Intel Core i7,16,Intel HD,Windows 10,2.8,218770,1,1,210.0
1092,MSI,Gaming,Intel Core i7,8,Nvidia GeForce,Windows 10,2.4,102463,0,0,141.0
1093,HP,2 in 1 Convertible,Intel Core i5,8,Intel HD,Windows 10,1.48,146056,1,0,166.0
1094,HP,Workstation,Intel Core i7,8,Nvidia Quadro,Windows 7,2.59,199852,0,1,141.0
1095,HP,2 in 1 Convertible,Intel Core i7,8,Intel HD,Windows 10,1.48,161298,1,0,221.0
1096,HP,Workstation,Intel Core i7,8,Nvidia Quadro,Windows 7,2.0,170264,0,0,141.0
1097,HP,Ultrabook,Intel Core i7,8,Intel HD,Windows 7,1.26,205945,0,0,176.0
1098,Dell,Notebook,Intel Core i7,8,Nvidia GeForce,Windows 10,2.18,90548,0,0,141.0
1099,HP,Notebook,Intel Core i5,8,Intel HD,Windows 7,1.88,141573,0,0,141.0
1100,Lenovo,2 in 1 Convertible,Intel Core i7,8,Intel HD,Windows 10,1.27,209715,1,1,210.0
1101,Lenovo,Notebook,Intel Core i3,4,Intel HD,No OS,1.9,30395,0,0,100.0
1102,HP,Notebook,AMD E Series Processor,4,AMD Radeon,Windows 10,1.86,26629,0,0,100.0
1103,Lenovo,Notebook,Intel Core i5,8,AMD Radeon,No OS,2.32,53706,0,0,141.0
1104,Dell,Gaming,Intel Core i7,8,Nvidia GeForce,Windows 10,2.62,107502,0,0,141.0
1105,Dell,Notebook,Intel Core i5,8,Nvidia GeForce,Windows 10,2.04,201796,1,1,282.0
1106,HP,Notebook,AMD A Series Processor,4,AMD Radeon,Windows 10,1.91,42937,0,0,141.0
1107,MSI,Gaming,Intel Core i7,16,Nvidia GeForce,Windows 10,2.7,133844,0,0,127.0
1108,Lenovo,Ultrabook,Intel Core i7,12,Intel HD,Windows 7,1.4,206128,0,0,157.0
1109,Lenovo,Notebook,Intel Core i5,8,AMD Radeon,Windows 10,2.5,70696,0,0,141.0
1110,HP,2 in 1 Convertible,Intel Core i7,8,Intel HD,Windows 10,1.48,182996,1,0,221.0
1111,Lenovo,Ultrabook,Intel Core i7,8,Intel HD,Windows 7,1.7,134400,0,0,157.0
1112,MSI,Gaming,Intel Core i7,16,Nvidia GeForce,Windows 10,1.7,158609,0,0,157.0
1113,HP,Gaming,Intel Core i7,8,Nvidia GeForce,Windows 10,2.62,80604,0,1,141.0
1114,Lenovo,Notebook,Intel Core i3,8,Intel HD,Windows 10,2.2,41154,0,0,100.0
1115,HP,Notebook,Intel Core i5,4,Intel HD,No OS,2.1,42767,0,0,100.0
1116,Dell,Gaming,Intel Core i7,8,Nvidia GeForce,Windows 10,2.62,134311,0,0,282.0
1117,Lenovo,Notebook,Intel Core i5,8,Intel HD,Windows 10,1.95,124627,0,1,141.0
1118,Lenovo,Notebook,Intel Core i3,4,Nvidia GeForce,Windows 10,2.2,41961,0,0,141.0
1119,HP,Notebook,Other Intel Processor,2,Intel HD,Windows 10,1.44,22325,0,0,112.0
1120,MSI,Gaming,Intel Core i7,8,Nvidia GeForce,Windows 10,2.2,75225,0,1,141.0
1121,HP,Notebook,Intel Core i7,8,Intel HD,Windows 10,1.96,60879,0,0,141.0
1122,HP,Notebook,Intel Core i7,16,Intel UHD,Windows 10,2.1,103916,0,0,141.0
1123,Asus,Notebook,Other Intel Processor,4,Intel HD,Windows 10,2.2,33085,0,0,100.0
1124,Lenovo,Notebook,Intel Core i5,4,Intel HD,No OS,2.1,35685,0,0,100.0
1125,Lenovo,Notebook,Intel Core i7,8,Nvidia GeForce,No OS,2.2,63569,0,0,141.0
1126,Asus,Notebook,Intel Core i3,4,Intel HD,Windows 10,2.0,68949,0,0,157.0
1127,Lenovo,Notebook,Intel Core i7,4,Intel HD,Windows 7,2.32,73970,0,0,141.0
1128,Lenovo,Gaming,Intel Core i7,16,Nvidia GeForce,Windows 10,3.31,117006,0,1,141.0
1129,MSI,Gaming,Intel Core i7,16,Nvidia GeForce,Windows 10,1.91,193071,0,0,141.0
1130,HP,Notebook,Intel Core i3,4,Intel HD,Windows 10,2.07,58279,0,0,100.0
1131,Lenovo,2 in 1 Convertible,Intel Core i5,8,Intel HD,Windows 10,1.36,146773,1,1,210.0
1132,Lenovo,Ultrabook,Intel Core i7,6,Nvidia GeForce,Windows 10,1.54,74507,0,0,141.0
1133,Dell,Notebook,Intel Core i7,8,Nvidia GeForce,Chrome/Linux/Android,1.98,80247,0,0,141.0
1134,Acer,Notebook,Other Intel Processor,4,Intel HD,Windows 10,2.1,29857,0,0,100.0
1135,HP,Notebook,Intel Core i7,6,Nvidia GeForce,Windows 10,2.18,71638,0,1,141.0
1136,Asus,Gaming,Intel Core i7,8,Nvidia GeForce,Windows 10,2.591,81501,0,1,141.0
1137,Dell,2 in 1 Convertible,Intel Core i7,16,Intel HD,Windows 10,2.09,105709,1,0,141.0
1138,Acer,Notebook,Intel Core i5,4,Nvidia GeForce,Windows 10,2.23,61955,0,0,141.0
1139,Dell,Ultrabook,Intel Core i5,8,Intel HD,Chrome/Linux/Android,1.23,98536,1,0,276.0
1140,Acer,Gaming,Intel Core i7,16,Nvidia GeForce,Windows 10,4.2,233026,0,1,127.0
1141,Lenovo,Gaming,Intel Core i5,8,Nvidia GeForce,Windows 10,2.4,73432,0,1,141.0
1142,HP,Notebook,Intel Core i5,4,Intel HD,Windows 10,1.86,43485,0,0,100.0
1143,Apple,Ultrabook,Other Intel Processor,8,Intel HD,Mac OS,0.92,104275,0,1,226.0
1144,Dell,2 in 1 Convertible,Intel Core i5,8,Intel HD,Windows 10,1.6,107502,1,1,166.0
1145,HP,Notebook,Intel Core i7,12,Nvidia GeForce,Windows 10,2.21,118979,0,1,141.0
1146,Lenovo,Notebook,Intel Core i3,4,AMD Radeon,No OS,1.9,32995,0,0,100.0
1147,Asus,Gaming,Intel Core i7,16,Nvidia GeForce,Windows 10,4.3,192769,0,1,127.0
1148,Acer,Notebook,Other Intel Processor,4,Intel HD,Chrome/Linux/Android,2.1,24388,0,0,100.0
1149,MSI,Gaming,Intel Core i7,16,Nvidia GeForce,Windows 10,2.43,183704,0,0,127.0
1150,Dell,Notebook,Intel Core i3,4,AMD Radeon,Windows 10,2.3,44740,0,0,100.0
1151,Lenovo,Notebook,Intel Core i7,8,Nvidia GeForce,No OS,2.2,56396,0,0,100.0
1152,Dell,2 in 1 Convertible,Intel Core i7,16,Intel UHD,Windows 10,2.0,115213,1,0,141.0
1153,Dell,Ultrabook,Intel Core i7,16,Intel HD,Windows 10,1.2,240289,1,0,276.0
1154,Asus,Gaming,Intel Core i7,8,Nvidia GeForce,Windows 10,2.2,104813,0,0,141.0
1155,Dell,Notebook,Intel Core i5,8,AMD Radeon,Windows 10,2.36,79708,0,0,141.0
1156,HP,Notebook,Intel Core i5,8,Intel HD,Windows 10,1.91,51913,0,0,100.0
1157,Lenovo,Notebook,AMD E Series Processor,4,AMD Radeon,Windows 10,2.2,26808,0,0,100.0
1158,Acer,Notebook,Intel Core i3,8,Nvidia GeForce,Windows 10,3.3,56396,0,0,106.0
1159,Asus,Gaming,Intel Core i7,16,Nvidia GeForce,Windows 10,2.2,219577,0,0,141.0
1160,Apple,Ultrabook,Other Intel Processor,8,Intel HD,Mac OS,0.92,114675,0,1,226.0
1161,Asus,Notebook,Intel Core i7,16,Nvidia GeForce,Windows 10,2.2,156815,0,0,141.0
1162,MSI,Gaming,Intel Core i7,16,Nvidia GeForce,Windows 10,2.43,174746,0,1,127.0
1163,Dell,2 in 1 Convertible,Intel Core i5,8,Intel HD,Windows 10,2.191,89570,1,1,141.0
1164,Asus,Gaming,Intel Core i7,16,Nvidia GeForce,Windows 10,2.9,174747,0,0,127.0
1165,Acer,Netbook,Other Intel Processor,2,Intel HD,Chrome/Linux/Android,1.3,15601,0,0,135.0
1166,Acer,Notebook,Intel Core i3,4,Nvidia GeForce,Windows 10,3.3,53617,0,0,106.0
1167,Lenovo,Notebook,Intel Core i5,8,Intel HD,No OS,2.8,48327,0,0,106.0
1168,Lenovo,Gaming,Intel Core i7,8,Nvidia GeForce,Windows 10,2.6,114048,0,1,141.0
1169,Acer,2 in 1 Convertible,Intel Core i7,8,Intel HD,Windows 10,1.2,103019,1,1,157.0
1170,Lenovo,Notebook,Intel Core i7,8,Intel HD,Windows 10,2.3,137090,0,1,141.0
1171,MSI,Gaming,Intel Core i7,8,Nvidia GeForce,Windows 10,2.2,132348,0,0,141.0
1172,HP,Notebook,AMD A Series Processor,6,AMD Radeon,Windows 10,2.1,47430,0,0,141.0
1173,Dell,Ultrabook,Intel Core i5,8,Intel HD,Windows 7,1.26,153621,1,0,176.0
1174,Dell,2 in 1 Convertible,Intel Core i3,4,Intel HD,Windows 10,2.08,45637,1,0,147.0
1175,Asus,Notebook,Other Intel Processor,4,Intel HD,Windows 10,2.65,27705,0,0,100.0
1176,Dell,Ultrabook,Intel Core i7,8,Intel HD,Windows 10,1.29,132428,1,0,276.0
1177,Dell,Notebook,Intel Core i5,4,Intel HD,Chrome/Linux/Android,2.18,46790,0,0,100.0
1178,Lenovo,Gaming,Intel Core i7,16,Nvidia GeForce,Windows 10,2.6,92260,1,1,141.0
1179,MSI,Gaming,Intel Core i7,8,Nvidia GeForce,Windows 10,2.2,103019,0,0,141.0
1180,Lenovo,Netbook,Intel Core i7,16,Intel HD,Windows 10,1.3,147939,1,1,176.0
1181,Dell,Notebook,Intel Core i3,8,Intel HD,Windows 10,2.3,42051,1,0,100.0
1182,MSI,Gaming,Intel Core i7,16,Nvidia GeForce,Windows 10,2.7,143277,0,0,127.0
1183,Apple,Ultrabook,Intel Core i5,4,Intel HD,Mac OS,1.08,85984,0,0,135.0
1184,HP,Notebook,Intel Core i3,4,Intel HD,Windows 10,2.1,42857,0,0,141.0
1185,HP,Ultrabook,Intel Core i7,8,Intel HD,Windows 7,1.54,197090,0,0,210.0
1186,Dell,Notebook,Intel Core i5,4,Intel HD,Windows 7,2.24,66079,0,0,100.0
1187,MSI,Gaming,Intel Core i7,8,Nvidia GeForce,Windows 10,2.3,104813,0,0,141.0
1188,Lenovo,Notebook,Intel Core i7,16,Intel HD,Windows 10,1.4,134400,0,1,166.0
1189,Lenovo,Notebook,AMD A Series Processor,6,AMD Radeon,Windows 10,2.2,53578,0,0,141.0
1190,Asus,Ultrabook,Intel Core i7,8,Intel HD,Windows 10,1.45,114765,0,0,166.0
1191,Acer,Notebook,Intel Core i3,4,Intel HD,Chrome/Linux/Android,2.4,32439,0,0,100.0
1192,Dell,2 in 1 Convertible,Intel Core i7,16,Nvidia GeForce,Windows 10,2.77,161298,1,0,127.0
1193,HP,Notebook,Intel Core i5,4,Intel HD,Windows 7,1.54,98625,0,0,157.0
1194,Asus,Gaming,Intel Core i7,16,Nvidia GeForce,Windows 10,2.5,143456,0,1,141.0
1195,Dell,Notebook,Intel Core i5,4,Intel HD,Windows 10,1.6,78452,0,0,112.0
1196,Asus,Gaming,Intel Core i7,16,Nvidia GeForce,Windows 10,2.34,208460,0,1,141.0
1197,Lenovo,Notebook,Intel Core i5,8,Intel HD,No OS,2.3,51375,0,1,141.0
1198,Dell,2 in 1 Convertible,Intel Core i5,8,Intel HD,Windows 10,1.24,162554,1,0,276.0
1199,Dell,Notebook,Other Intel Processor,4,Intel HD,Chrome/Linux/Android,2.2,29050,0,0,100.0
1200,HP,Notebook,AMD A Series Processor,4,AMD Radeon,Windows 10,1.86,35774,0,0,100.0
1201,Lenovo,Notebook,Intel Core i3,6,Nvidia GeForce,Windows 10,2.4,51017,0,0,141.0
1202,Lenovo,Notebook,Intel Core i5,8,Intel HD,Windows 10,1.9,96116,0,1,157.0
1203,Dell,Notebook,Other Intel Processor,4,Intel HD,Windows 10,2.2,39808,0,0,100.0
1204,Asus,Notebook,Other Intel Processor,4,Intel HD,Windows 10,2.0,30395,0,0,100.0
1205,Asus,Gaming,Intel Core i7,16,Nvidia GeForce,Windows 10,4.0,170354,0,1,127.0
1206,Dell,Notebook,Intel Core i3,4,Intel HD,Windows 10,2.29,43933,0,0,100.0
1207,Lenovo,Notebook,Intel Core i7,8,AMD Radeon,Windows 7,2.32,80246,0,0,141.0
1208,MSI,Gaming,Intel Core i7,8,Nvidia GeForce,Windows 10,2.4,110192,0,0,141.0
1209,Lenovo,2 in 1 Convertible,Intel Core i5,4,Intel HD,Windows 10,1.8,74688,1,0,157.0
1210,Asus,Ultrabook,Other Intel Processor,8,Intel HD,Windows 10,1.2,65362,0,1,166.0
1211,Dell,Notebook,Intel Core i3,6,Intel HD,Windows 10,2.3,41154,0,0,100.0
1212,Acer,Notebook,Other Intel Processor,4,Intel HD,Chrome/Linux/Android,2.4,25912,0,0,100.0
1213,Dell,Notebook,Other Intel Processor,2,Intel HD,Windows 10,2.2,33981,0,0,100.0
1214,Lenovo,Notebook,Intel Core i7,8,Nvidia GeForce,Windows 10,2.6,80604,0,1,141.0
1215,HP,Notebook,AMD A Series Processor,6,AMD Radeon,Windows 10,2.04,49312,0,0,141.0
1216,Dell,Notebook,Intel Core i7,8,AMD Radeon,Chrome/Linux/Android,2.3,72265,0,0,100.0
1217,HP,Netbook,Other Intel Processor,2,Intel HD,Windows 10,1.17,18739,0,0,135.0
1218,Asus,Notebook,Intel Core i7,4,Nvidia GeForce,Windows 10,2.2,64584,0,0,100.0
1219,Lenovo,2 in 1 Convertible,Intel Core i7,4,Intel HD,Windows 10,1.8,57203,1,1,157.0
1220,Lenovo,2 in 1 Convertible,Intel Core i7,16,Intel HD,Windows 10,1.3,134400,1,1,276.0
1221,Lenovo,Notebook,Other Intel Processor,2,Intel HD,Windows 10,1.5,20532,0,0,112.0
1222,HP,Notebook,Intel Core i7,6,AMD Radeon,Windows 10,2.19,68500,0,0,100.0
